communityID,urban_score_comm,se,year
0101041,7.147887323943663,9.454242944073538e-16,2011
0101042,7.794117647058823,3.3306690738754213e-16,2011
0101043,7.083333333333334,5.48172618408667e-16,2011
0102061,6.778350515463917,2.775557561562866e-16,2011
0102062,7.196969696969697,1.3183898417423867e-16,2011
0102063,6.881720430107527,9.714451465470163e-17,2011
0102331,7.028985507246377,1.5092094240998165e-16,2011
0102332,6.296296296296297,5.204170427930341e-16,2011
0102333,7.2008547008547,6.869504964868181e-16,2011
0104461,6.75438596491228,6.245004513516534e-16,2011
0104462,7.1116504854368925,5.160802341031007e-16,2011
0104463,7.006172839506172,4.302114220422445e-16,2011
0104511,6.791044776119403,4.302114220422445e-16,2011
0104512,6.824324333848536,3.9378222904674044e-16,2011
0104513,5.909090909090909,1.8041124150158804e-16,2011
0140311,8.26086956521739,7.528699885739454e-16,2011
0140312,7.397260273972602,6.735063895479964e-16,2011
0140313,8.275862068965518,5.898059818321186e-16,2011
0140511,7.222222222222221,6.522560269672905e-16,2011
0140512,6.825842696629214,2.775557561562874e-17,2011
0140513,6.359649122807017,5.204170427930341e-16,2011
0146431,7.430555555555556,6.936725499562264e-16,2011
0146432,7.462686567164179,4.1633363423443434e-16,2011
0146433,6.428571428571429,1.5959455978986758e-16,2011
0182061,6.6826923076923075,1.8041124150158804e-16,2011
0182062,7.46031746031746,6.329572282970242e-16,2011
0182063,7.088607594936709,3.7816971776294567e-16,2011
0304761,7.083333333333333,6.314393452555537e-16,2011
0304762,8.04054054054054,2.723515857283605e-16,2011
0304763,7.242268041237113,0,2011
0311061,7.232142857142857,1.1102230246251496e-16,2011
0311062,7.741935483870969,1.2065001775418547e-15,2011
0311063,8.342105245338097,3.0531133177192e-16,2011
0340431,7.205882352941177,1.5092094240998165e-16,2011
0340432,8.26923076923077,8.187894806610626e-16,2011
0340433,7.634408602150538,2.9837243786800693e-16,2011
0346761,7.824074036699574,6.15826833971773e-17,2011
0346762,7.03846152868736,5.551115123125748e-17,2011
0346763,6.8348623853211015,2.0816681711721383e-17,2011
0467461,7.161458333333333,2.7061686225238087e-16,2011
0467462,7.921052631578947,4.805184028455694e-16,2011
0467463,7.287234042553192,4.553649124439189e-16,2011
0516061,5.188679245283019,4.857225732735026e-16,2011
0516062,6.052631578947368,4.891920202254578e-16,2011
0516063,6.766304347826087,6.245004513516446e-17,2011
0540541,8.19767441860465,6.245004513516534e-16,2011
0540542,7.668067226890757,2.511012231476437e-16,2011
0540543,7.546728971962617,2.1098574276567665e-16,2011
0542491,4.761904761904762,5.551115123125748e-17,2011
0542492,5.2727272727272725,4.1633363423442766e-17,2011
0542493,7.1875,2.775557561562874e-17,2011
0560431,6.1931818181818175,1.2906342661267449e-15,2011
0560432,6.469072164948454,1.0061396160665443e-16,2011
0560433,6.903409090909091,2.532696274926168e-16,2011
0560591,6.458333333333334,1.0373646386341233e-15,2011
0560592,5.73943661971831,7.632783294298e-17,2011
0560593,6.73469387755102,6.591949208711934e-17,2011
0563021,8.61111111111111,2.949029909160593e-16,2011
0563022,7.1875,1.4398204850607442e-16,2011
0563023,7.402597402597403,7.806255641895558e-18,2011
0563461,7.205882352941177,1.6653345369377107e-16,2011
0563462,6.875,1.7694179454963612e-16,2011
0563463,9.347826086956522,3.3306690738754213e-16,2011
0566041,5.569105701940796,9.020562075079402e-17,2011
0566042,6.7073170731707314,4.510281037539701e-17,2011
0566043,6.995967741935484,3.8337388819087486e-16,2011
0574571,6.395348837209302,5.828670879282077e-16,2011
0574572,6,3.0531133177192e-16,2011
0574573,5.5,1.1102230246251496e-16,2011
0576331,6.428571428571429,3.677613769070815e-16,2011
0576332,6.25,9.714451465470163e-17,2011
0582021,7.453703703703704,4.807352432800694e-16,2011
0582022,6.928571428571428,6.661338147750843e-16,2011
0582023,6.655844155844156,5.9674487573601385e-16,2011
0586591,6.192660550458716,2.0816681711721717e-16,2011
0586592,8.480392156862745,2.775557561562874e-17,2011
0586593,5.989010989010989,1.387778780781437e-17,2011
0604401,6.955445544554456,3.9291486730874636e-16,2011
0604402,7.232142857142858,3.738329090730034e-16,2011
0604403,6.675531914893617,3.3306690738754213e-16,2011
0604811,7.661290322580645,1.8648277366750433e-17,2011
0604812,7.6059322033898304,9.020562075079402e-17,2011
0604813,7.3125,2.5153490401663607e-17,2011
0640281,8.727272727272727,7.563394355258913e-16,2011
0640282,9.245283018867925,2.428612866367513e-16,2011
0640283,8.222222222222223,1.0998146837692835e-15,2011
0640331,7.816091954022989,1.4571677198205192e-16,2011
0640332,8.313253012048193,4.996003610813157e-16,2011
0640333,7.309523809523809,3.079134169858865e-17,2011
0646041,7.552083333333334,6.119237061508126e-16,2011
0646042,6.125,4.1633363423442766e-17,2011
0646043,8.414634146341463,5.9674487573601385e-16,2011
0655461,6.48876404494382,1.3530843112619044e-16,2011
0655462,7.03125,0,2011
0655463,7.346938775510204,3.291637795665972e-16,2011
0724281,7.580645161290323,6.752411130239754e-16,2011
0724282,7.083333340705927,3.122502256758223e-17,2011
0724283,6.534090909090908,8.049116928532354e-16,2011
0740021,6.551724137931035,0,2011
0740022,6.007462686567164,1.2490009027032893e-16,2011
0740023,6.041666666666666,5.065392549852336e-16,2011
0740041,9.144736842105264,7.285838599102638e-16,2011
0740042,7.9245283018867925,3.469446951953583e-17,2011
0740043,9.9375,1.6913553890773804e-17,2011
0740571,6.25,0,2011
0740573,8.571428571428571,5.134781488891332e-16,2011
0746311,6.728395061728395,4.302114220422445e-16,2011
0746312,7.674418604651163,2.931682674400763e-16,2011
0746313,7.168674698795181,3.6082248300317607e-16,2011
0749811,7.171052631578948,3.747002708109884e-16,2011
0749812,6.3125,2.185751579730758e-16,2011
0749813,6.536144578313253,3.8163916471489677e-16,2011
0753761,7.215189873417722,3.122502256758267e-16,2011
0753762,7.7556818181818175,1.0104764247564826e-15,2011
0753763,7.265625,0,2011
0755041,7.9,2.6888213877640367e-16,2011
0755042,8.378378378378379,6.800116025829109e-16,2011
0755043,8.333333333333332,1.0269562977782664e-15,2011
0782331,6.360759493670886,2.0469737016526565e-16,2011
0782332,6.953125,1.613292832658431e-16,2011
0782333,8.125,5.551115123125748e-17,2011
0896761,6.2,1.0408340855860859e-16,2011
0896762,5.32051282051282,2.0816681711721717e-16,2011
0896763,7.041666666666666,7.892991815694452e-16,2011
0940041,8,1.1102230246251496e-16,2011
0940042,8.205128205128204,6.7307270867899e-16,2011
0940043,8,8.326672684688553e-17,2011
1017911,7.346153846153847,4.891920202254578e-16,2011
1017912,5.71969696969697,1.387778780781433e-16,2011
1017913,7.298387096774194,4.371503159461516e-16,2011
1040041,8.716216216216218,1.3392065234540996e-15,2011
1040042,8.353658536585366,6.938893903907166e-17,2011
1040043,8.10483870967742,6.1062266354384e-16,2011
1051021,7.775423728813559,3.885780586188065e-16,2011
1051022,7.722602739726027,2.1553939189011577e-16,2011
1051023,7.4,4.024558464266177e-16,2011
1053811,8.947368421052632,4.406197628981139e-16,2011
1053812,7.371134020618557,5.737597896793369e-16,2011
1053813,7.741935483870968,2.7321894746634667e-16,2011
1082061,7.473684210526315,7.189344605751352e-16,2011
1082062,7.5,0,2011
1082063,7.4754901960784315,1.4224732503009712e-16,2011
1082591,7.18503937007874,3.217912047937015e-16,2011
1082592,7.5,3.4694469519535926e-18,2011
1082593,7.500000000000001,9.673775190861082e-16,2011
1101311,7.40990990990991,0,2011
1101312,8.75,1.387778780781433e-16,2011
1101313,8.75,8.326672684688553e-17,2011
1111541,6.326530612244898,6.383782391594703e-16,2011
1111542,5.494791666666667,1.5959455978986758e-16,2011
1111543,4.607843137254902,1.8041124150158804e-16,2011
1127441,8.75,8.673617379883901e-17,2011
1127442,7.525510204081633,5.889386200941225e-16,2011
1127443,7.385057471264368,1.387778780781433e-16,2011
1146041,7.803030303030303,4.024558464266177e-16,2011
1146042,7.45,5.290906601729234e-17,2011
1146043,7.4342105263157885,9.992007221626314e-16,2011
1160061,6.557377049180328,1.5265566588596e-16,2011
1160062,6.666666698875318,7.216449660063521e-16,2011
1160063,6.785714285714286,4.1633363423442766e-17,2011
1174891,8.489583333333334,6.62664367823152e-16,2011
1174892,7.938144329896907,9.020562075079402e-17,2011
1174893,8.132530120481928,4.8572257327350814e-17,2011
1182761,6.785714285714286,1.9428902930940326e-16,2011
1182762,6.264044943820225,1.2143064331837566e-16,2011
1182763,7.041284403669725,7.216449660063521e-16,2011
1224901,7.352941176470589,4.844215306665218e-16,2011
1224902,7.1484375,0,2011
1224903,7.211538461538462,2.862293735361683e-17,2011
1240991,6.116071423987405,2.0816681711721383e-17,2011
1240992,6.9480519480519485,3.799044412389204e-16,2011
1240993,6.9817073170731705,1.387778780781437e-17,2011
1340041,8.5,5.551115123125748e-17,2011
1340042,7.5,0,2011
1340043,7.2,2.463307335887092e-16,2011
1349021,7.12121212121212,9.22872889219645e-16,2011
1349022,7.311320754716981,4.831204880595395e-16,2011
1349023,7.073170731707317,9.714451465470163e-17,2011
1355591,6.480263157894737,4.510281037539802e-16,2011
1355592,7.301587301587302,8.881784197001197e-16,2011
1355593,7.166666666666667,1.3357370765021444e-16,2011
1382021,6.573033707865168,4.371503159461516e-16,2011
1382022,7.1,4.093947403305313e-16,2011
1382023,7.0625,5.464378949326895e-17,2011
1411541,7.298387096774194,3.8424124992886455e-16,2011
1411542,7.5,0,2011
1411543,7.201086956521739,2.255140518769901e-16,2011
1424031,6.641791044776119,6.938893903907166e-17,2011
1424032,7.5,2.775557561562874e-17,2011
1424033,6.319444444444445,2.775557561562866e-16,2011
1440161,8.565573770491802,7.979727989493287e-16,2011
1440162,9.180327868852459,2.0816681711721717e-16,2011
1440163,8.405172413793103,7.632783294298e-17,2011
1455281,8.125,0,2011
1455282,8.125,1.7347234759767914e-17,2011
1455283,8.25,2.775557561562874e-17,2011
1504781,7.916666666666666,1.0269562977782664e-15,2011
1504782,8.57843137254902,3.469446951953583e-17,2011
1504783,7.846153846153847,7.025630077705936e-16,2011
1511561,7.5,0,2011
1511562,2.5,0,2011
1511563,8.148148148148149,7.77156117237613e-16,2011
1538591,7.75,3.6082248300317607e-16,2011
1538592,9.029850746268655,1.0200174038743618e-15,2011
1538593,7.619047619047619,5.889386200941225e-16,2011
1540441,7.6767676767676765,4.024558464266177e-16,2011
1540442,7.631578947368421,2.0773313624822107e-16,2011
1540443,7.685185185185185,4.3368086899419784e-18,2011
1540581,6.1,2.2204460492502993e-16,2011
1540583,8.227272727272727,7.494005416219768e-16,2011
1546281,6.519607843137255,8.326672684688553e-17,2011
1546282,7.794117647058823,1.9081958235744839e-16,2011
1546283,6.696428571428571,2.0122792321330886e-16,2011
1546311,7.105263157894736,9.853229343548369e-16,2011
1546312,7.597087378640777,4.510281037539701e-17,2011
1546313,7.5,0,2011
1546761,6.696428571428571,1.5959455978986758e-16,2011
1546762,5.568181786054404,1.2490009027032893e-16,2011
1546763,7,1.387778780781433e-16,2011
1556761,7.651515151515151,7.632783294298e-17,2011
1556762,7.7142857142857135,6.192962809237234e-16,2011
1556763,8.231707317073171,7.702172233337093e-16,2011
1582311,7.5,0,2011
1582312,8.750000017678216,1.1449174941446988e-15,2011
1582313,7.821428571428571,1.873501354054942e-16,2011
1582781,7.426470588235294,2.2724877535296094e-16,2011
1582782,6.739130434782608,8.326672684688553e-17,2011
1582783,7.1835443037974684,3.469446951953583e-17,2011
1601041,8.19620253164557,4.232725281383387e-16,2011
1601042,7.798507462686567,2.3245294578089057e-16,2011
1601043,7.045454545454545,5.828670879282077e-16,2011
1611591,7.467948717948718,1.4148838350936015e-16,2011
1611592,6.84065934065934,6.245004513516446e-17,2011
1611593,8.461538461538462,2.2204460492502993e-16,2011
1624311,5,0,2011
1624312,6.96969696969697,2.237793284010113e-16,2011
1624313,5,0,2011
1660061,7.407407407407407,6.245004513516446e-17,2011
1660062,5.9589041095890405,7.528699885739454e-16,2011
1660063,6.15979381443299,2.6020852139651707e-16,2011
1682311,5.569306930693069,3.105155021998469e-16,2011
1682312,7.057291666666667,2.0122792321330886e-16,2011
1682313,6.780821917808219,3.642919299551319e-16,2011
1711591,6.299019607843137,1.5612511283791335e-16,2011
1711592,7.211538461538461,8.049116928532354e-16,2011
1711593,6.164383561643835,1.1102230246251496e-16,2011
1746431,6.6163793142389,1.4918621893400346e-16,2011
1746432,6.77710843373494,2.0469737016526565e-16,2011
1746433,8.352272727272727,5.342948306008578e-16,2011
1755311,8.571428571428571,2.4980018054065786e-16,2011
1755312,6.323529411764706,1.7694179454963612e-16,2011
1755313,7.211538461538462,3.3306690738754213e-16,2011
1774021,7.053571422693906,3.0531133177192e-16,2011
1774022,7.732558139534884,1.7260498585969433e-16,2011
1774023,6.99468085106383,6.071532165918783e-17,2011
1840371,9.33673469387755,1.9775847626135877e-16,2011
1840372,8.333333333333334,5.551115123125732e-16,2011
1840373,9.387755102040817,7.667477763817497e-16,2011
1940371,8.148148148148149,1.0200174038743618e-15,2011
1940372,8.289473684210526,4.406197628981139e-16,2011
1940373,8.361344537815127,4.822531263215525e-16,2011
2001041,9.451219512195122,2.0816681711721383e-17,2011
2001042,9.318181818181818,1.8041124150158804e-16,2011
2001043,7.708333333333333,4.718447854656939e-16,2011
2024541,8.015463917525773,6.938893903907166e-17,2011
2024542,9.02027027027027,2.0816681711721717e-16,2011
2024543,6.890243902439024,5.828670879282077e-16,2011
2040281,5.5,5.551115123125748e-17,2011
2040282,9.078947368421053,5.134781488891332e-16,2011
2040283,5,0,2011
2049061,7.5,1.387778780781437e-17,2011
2049062,6.511627906976744,1.387778780781433e-16,2011
2049063,8.04054054054054,1.1275702593849505e-16,2011
2053041,10,0,2011
2053042,7.857142857142857,1.9428902930940326e-16,2011
2053043,6.607142857142858,5.551115123125732e-16,2011
2074061,6.8119266055045875,1.5265566588596e-16,2011
2074062,7.1000000000000005,1.0547118733939094e-15,2011
2074063,9.23076923076923,7.563394355258913e-16,2011
2074281,7.03125,8.673617379883901e-17,2011
2074282,8.131578947368421,7.459310946700173e-17,2011
2074283,7.55,1.0408340855860859e-16,2011
2111541,7.1923076923076925,2.1684043449710315e-16,2011
2111542,7.291666666666667,4.232725281383387e-16,2011
2111543,7.034313725490196,4.128641872824797e-16,2011
2111761,7.434210526315789,1.0842021724855158e-16,2011
2111762,7.232142857142858,3.6082248300317607e-16,2011
2111763,7.146017699115045,3.0444397003393e-16,2011
2124281,7.247191011235955,6.938893903907166e-17,2011
2124282,8.838028169014084,5.065392549852336e-16,2011
2124283,7.837301563081346,8.326672684688553e-17,2011
2411161,7.9326923076923075,1.1102230246251496e-16,2011
2411162,8.397435897435898,3.6082248300317607e-16,2011
2411163,7.954545454545454,4.362829542081619e-16,2011
2427021,7.094594594594595,1.4571677198205192e-16,2011
2427022,5.271084337349397,1.5525775109992345e-16,2011
2427023,6.977611940298508,2.8449465006019424e-16,2011
2440561,5.8088235294117645,1.9428902930940326e-16,2011
2440562,6.320754716981132,2.775557561562866e-16,2011
2440563,5.791666666666666,8.187894806610626e-16,2011
2446041,8.37378640776699,5.204170427930341e-16,2011
2446042,8.111702127659575,1.7347234759767914e-17,2011
2446043,6.640625,1.9428902930940326e-16,2011
2446761,7.1835443037974684,3.295974604355967e-17,2011
2446762,6.957831325301205,3.9551695252271754e-16,2011
2446763,7.526595744680852,5.952269926945426e-16,2011
2616761,6.768867924528302,3.8163916471489677e-16,2011
2616762,6.314102564102564,3.0531133177192e-16,2011
2616763,6.027397260273972,7.910339050454351e-16,2011
2627281,7.222222222222221,8.370040771588005e-16,2011
2627282,6.956521739130435,2.255140518769901e-16,2011
2627283,7.444444444444444,7.940696711283724e-16,2011
2653591,7.893518518518518,1.387778780781433e-16,2011
2653592,8.09322033898305,6.002143226879762e-16,2011
2653593,5.9459459459459465,7.632783294297935e-16,2011
2655761,6.688311688311688,1.0755285551056113e-16,2011
2655762,7.203947368421052,4.0679265511656526e-16,2011
2655763,5.925925925925926,3.0531133177192e-16,2011
2660591,6.409774436090225,5.932754287840722e-16,2011
2660592,6.65625,5.273559366969547e-16,2011
2660593,6.517857142857142,5.620504062164804e-16,2011
2663061,8.333333333333332,1.1934897514720277e-15,2011
2663062,6.756756756756757,4.544975507059219e-16,2011
2663063,6.543478260869565,2.3592239273284695e-16,2011
2686061,5.5733944954128445,8.153200337091131e-17,2011
2686062,8.068181818181818,6.245004513516446e-17,2011
2686063,6.029411764705882,1.5265566588596e-16,2011
2704021,6.808510638297872,3.3306690738754213e-16,2011
2704022,7.257142857142857,3.17888076972748e-16,2011
2704023,6.742424242424242,7.927686285214011e-16,2011
2718061,6.8478260869565215,4.232725281383387e-16,2011
2718062,7.368421052631579,1.6653345369377107e-16,2011
2718063,7.219387755102041,1.0408340855860692e-17,2011
2749511,7.414529914529914,8.049116928532354e-16,2011
2749512,8.445945945945946,1.0408340855860692e-17,2011
2749513,6.9230769230769225,5.637851296924644e-16,2011
2755591,7.337662337662338,2.6367796834847734e-16,2011
2755592,9.23728813559322,8.777700788442641e-16,2011
2755593,8.571428571428571,3.2612801348364526e-16,2011
2801541,7.183908045977012,6.826136877968851e-16,2011
2801542,6.597222222222222,3.3306690738754213e-16,2011
2801543,7.009803921568627,1.5959455978986758e-16,2011
2811041,10,0,2011
2811042,7.666666666666666,7.589415207398434e-16,2011
2811043,9.381443298969073,4.180683577104081e-16,2011
2811161,7.120253164556963,7.77156117237613e-16,2011
2811162,8.076923076923077,2.9143354396410384e-16,2011
2811163,8.378378378378379,6.245004513516534e-16,2011
2855021,7.06896551724138,5.551115123125732e-16,2011
2855022,6.859756097560975,2.393918396848039e-16,2011
2855023,8.49056603773585,3.8163916471489677e-16,2011
2882511,6.590909120283848,2.2898349882893464e-16,2011
2882512,8.109756097560975,4.891920202254578e-16,2011
2882513,6.265822784810127,8.465450562766774e-16,2011
2916761,7.045454545454545,5.377642775528073e-16,2011
2916762,6.565656565656566,8.326672684688553e-17,2011
2916763,6.888888888888888,7.788908407135974e-16,2011
2924581,7.965116279069767,3.0878077872386915e-16,2011
2924582,7.3046875,0,2011
2924583,8.75,0,2011
2940281,8.69047619047619,5.065392549852336e-16,2011
2940282,8.448275862068966,6.7307270867899e-16,2011
2940283,8.356164383561643,1.089406342913442e-15,2011
2940991,7.105263157894736,9.66240976119079e-16,2011
2940992,7.296511627906977,4.8572257327350814e-17,2011
2940993,7.126436781609196,8.118505867571547e-16,2011
2953311,5.807692307692308,3.018418848199633e-16,2011
2953312,6.404109589041096,2.4980018054065786e-16,2011
2953313,7.3584905660377355,2.9143354396410384e-16,2011
2960061,8.80952380952381,4.961309141293644e-16,2011
2960062,7.184210526315789,1.4571677198205192e-16,2011
2960063,6.215277777777778,2.775557561562874e-17,2011
2960811,6.629464285714286,2.6194324487250063e-16,2011
2960812,6.815068493150685,1.5959455978986758e-16,2011
2960813,6.61214953271028,7.181755190543879e-16,2011
2963311,6.355140186915888,1.387778780781437e-17,2011
2963312,7.321428571428571,1.873501354054942e-16,2011
2963313,6.686991869918699,3.9898639947466896e-17,2011
2974391,8.866279069767442,2.0816681711721717e-16,2011
2974392,6.9817073170731705,6.245004513516446e-17,2011
2974393,6.7592592592592595,5.551115123125732e-16,2011
2982451,7.626262626262626,1.778091562876214e-17,2011
2982452,8.272727272727273,6.765421556309631e-16,2011
2982453,7.247474747474747,2.0729945537923106e-16,2011
2986311,4.6875,9.020562075079402e-17,2011
2986312,6.220238095238095,2.3245294578089057e-16,2011
2986313,7.575757575757576,1.1796119636642347e-16,2011
3201461,6.982758620689656,8.101158632811798e-16,2011
3201462,7.232142857142857,3.703634621210548e-16,2011
3201463,7.524271844660194,1.4311468676808415e-17,2011
3211161,7.4,2.0816681711721717e-16,2011
3211162,9.30232558139535,6.1062266354384e-16,2011
3211163,9.166666666666668,1.033895191682181e-15,2011
3211311,8.173076923076923,1.5265566588596e-16,2011
3211312,7.842105263157895,2.0816681711721717e-16,2011
3211313,7.289473684210526,4.4495657158804185e-16,2011
3216591,6.895604395604395,5.412337245047617e-16,2011
3216592,8.885135135135135,1.6653345369377107e-16,2011
3216593,7.008928571428571,1.8041124150158804e-16,2011
3240451,7.7439024390243905,2.5153490401663604e-16,2011
3240452,8.175675675675675,2.1684043449710315e-16,2011
3240453,7.942708333333334,6.973588373426787e-16,2011
3240781,9.166666666666668,1.0685896612017155e-15,2011
3240782,5.909090909090909,1.6653345369377107e-16,2011
3240783,8.94927536231884,7.77156117237613e-16,2011
3246811,7.157894736842104,9.05525654459879e-16,2011
3246812,7.916666666666667,5.065392549852336e-16,2011
3246813,8.137755102040817,7.927686285214011e-16,2011
3253061,6.825842696629214,4.0419056990259073e-16,2011
3253062,6.966292134831462,9.922618282587287e-16,2011
3253063,6.481481481481482,2.775557561562866e-16,2011
3255541,7.371134020618557,6.591949208711943e-16,2011
3255542,7.451923076923077,1.0354130747236697e-16,2011
3255543,8.149350649350648,1.3392065234540996e-15,2011
3263461,6.8313953488372094,1.387778780781437e-17,2011
3263462,7.584269662921348,2.899156609226219e-16,2011
3263463,6.5,3.816391647149e-17,2011
3263591,7.115384615384616,2.7061686225238087e-16,2011
3263592,8.133802816901408,2.671474153004289e-16,2011
3263593,6.9642857142857135,7.35522753814163e-16,2011
3301021,7.554945054945055,6.522560269672905e-16,2011
3301022,5.760869565217392,1.6653345369377107e-16,2011
3301023,5.760869565217392,2.3592239273284695e-16,2011
3301311,6.4743589743589745,4.510281037539701e-17,2011
3301312,5.943396226415095,1.8041124150158804e-16,2011
3301313,6.527777777777778,1.4224732503009712e-16,2011
3304041,8.273809523809524,4.1633363423442766e-17,2011
3304042,7.934782608695652,2.3592239273284695e-16,2011
3304043,8.194444444444445,1.5265566588596e-16,2011
3340021,7.524752475247524,3.981190377366801e-16,2011
3340022,7.361111111111112,6.444497713253761e-16,2011
3340023,6.884615384615385,3.3306690738754213e-16,2011
3346311,7.448979591836735,3.100818213308527e-17,2011
3346312,7.147435897435898,6.678685382510665e-16,2011
3346313,7.5,1.387778780781437e-17,2011
3360591,6.85840707531447,1.3704315460216675e-16,2011
3360592,6.689814814814815,3.122502256758223e-17,2011
3360593,7.892857142857142,5.11743425413166e-16,2011
3382311,8.150684931506849,9.853229343548369e-16,2011
3382312,7.685185185185185,3.469446951953583e-17,2011
3382313,7.378048780487805,2.1337098754515e-16,2011
3452331,5.5978260869565215,3.71230823859038e-16,2011
3452332,5.9,4.787836793696078e-16,2011
3452333,6.964285714285714,3.816391647149e-17,2011
3477631,6.702127659574469,6.591949208711943e-16,2011
3477632,5.365853658536585,6.522560269672905e-16,2011
3477633,7.647058823529412,2.2204460492502993e-16,2011
0101041,6.798245614035087,3.0531133177192145e-16,2013
0101042,8.713235294117647,1.3877787807814484e-16,2013
0101043,7.254901960784314,2.0469737016526237e-16,2013
0102061,7.074468085106383,2.4199392489876705e-16,2013
0102062,7.588235294117648,5.256212132209751e-16,2013
0102063,6.7792792792792795,5.360295540768412e-16,2013
0102331,7.162162162162162,1.960237527853798e-16,2013
0102332,7.03125,0,2013
0102333,7.280701754385965,1.3877787807814414e-17,2013
0104461,6.9298245614035086,5.585809592645264e-16,2013
0104462,7.265625,5.2041704279304127e-17,2013
0104463,7.1913580246913575,4.033232081646091e-16,2013
0104511,7.053571428571429,3.469446951953621e-17,2013
0104512,6.808035704510718,2.65412691824452e-16,2013
0104513,7.295918367346939,1.0928757898653871e-16,2013
0140311,8.357142857142856,1.3461454173580102e-15,2013
0140312,7.82051282051282,1.3877787807814484e-16,2013
0140313,9.038461538461538,1.457167719820535e-16,2013
0140511,7.894736842105263,4.544975507059321e-16,2013
0140512,8.333333333333332,1.4432899320127102e-15,2013
0140513,7.151898734177216,1.1934897514720415e-15,2013
0146431,7.534722222222222,5.5511151231257654e-17,2013
0146432,7.9642857142857135,6.800116025829019e-16,2013
0146433,7.03125,5.5511151231257654e-17,2013
0182061,6.798245614035087,8.326672684688763e-17,2013
0182062,7.708333333333334,5.689893001203889e-16,2013
0182063,7.34375,7.372574772901456e-18,2013
0304761,7.665094339622642,2.567390744445716e-16,2013
0304762,8.669354838709678,6.800116025829019e-16,2013
0304763,7.698019801980198,2.7842311789427325e-16,2013
0311061,8.147058823529411,2.428612866367558e-16,2013
0311062,7.97752808988764,7.407269242421013e-16,2013
0311063,8.88554218613664,9.922618282587165e-16,2013
0340431,7.370689655172415,7.216449660063551e-16,2013
0340432,8.508771929824562,8.326672684688763e-17,2013
0340433,8.068181818181818,5.5511151231257654e-17,2013
0346761,7.7469135815170285,1.604619215278532e-16,2013
0346762,7.360000000328661,3.0964814046185735e-16,2013
0346763,7.247706422018349,7.415942859800917e-16,2013
0467461,7.448453608247423,2.01227923213308e-16,2013
0467462,7.769607843137255,2.341876692568675e-17,2013
0467463,7.765957446808511,7.849623728795152e-16,2013
0516061,5.4326923076923075,2.60208521396518e-16,2013
0516062,6.705882352941177,3.330669073875505e-16,2013
0516063,6.375,1.2490009027033206e-16,2013
0540541,8.376288659793815,4.3021142204224806e-16,2013
0540542,7.913385826771654,2.2204460492503062e-16,2013
0540543,8.405172413793103,7.45931094670026e-17,2013
0542491,7.5,0,2013
0542492,7.926829268292683,3.1918911957973344e-16,2013
0542493,8.708791208791208,8.361367154208222e-16,2013
0560431,6.466666666666667,1.179611963664233e-16,2013
0560432,7.052631578947368,5.048045315092516e-16,2013
0560433,7.105263157894736,5.169475958410813e-16,2013
0560591,7.5,0,2013
0560592,7.427536231884058,3.8380756905986265e-16,2013
0560593,7.209302325581396,3.625572064791569e-16,2013
0563021,8.831018518518519,9.540979117872551e-16,2013
0563022,7.378048780487805,3.963843142607014e-16,2013
0563023,7.857142857142857,3.9551695252270664e-16,2013
0563461,7.370129870129871,6.370771965524769e-16,2013
0563462,7.5,1.3877787807814414e-17,2013
0563463,9.136363636363635,1.429412144204892e-15,2013
0566041,6.769911502379068,7.424616477180679e-16,2013
0566042,6.794871794871795,5.898059818321165e-17,2013
0566043,7.520661157024793,7.311317350155898e-16,2013
0574571,6.897590361445783,2.255140518769836e-16,2013
0574572,6.428571428571429,3.781697177629387e-16,2013
0574573,6.518817204301075,2.91433543964107e-16,2013
0576331,6.542553191489362,4.1633363423443814e-17,2013
0576332,6.666666666666667,5.273559366969567e-16,2013
0576333,6.940298507462686,1.7347234759768105e-17,2013
0582021,8.873239436619718,1.8041124150158878e-16,2013
0582022,7.282608695652174,1.87350135405494e-16,2013
0582023,7.171052631578947,4.02455846426616e-16,2013
0586591,6.509009009009009,7.112366251504954e-16,2013
0586592,8.35,4.02455846426616e-16,2013
0586593,7.005208333333333,2.723515857283624e-16,2013
0604401,7.681451612903226,2.762547135493052e-16,2013
0604402,7.819767441860465,4.3715031594615485e-16,2013
0604403,7.573529411764706,3.6927925994855985e-16,2013
0604811,7.833333333333333,3.469446951953651e-16,2013
0604812,7.9921259842519685,1.2923689896027033e-16,2013
0604813,7.87037037037037,1.786765180256115e-16,2013
0640281,7.894736842105263,5.967448757360208e-16,2013
0640282,9.61111111111111,2.6367796834847833e-16,2013
0640283,9.56896551724138,1.4190038033490288e-15,2013
0640331,7.605263157894736,3.7123082385903396e-16,2013
0640332,9.232673267326733,5.967448757360208e-16,2013
0640333,7.522321428571429,6.797947621484165e-17,2013
0646041,8.734567901234568,2.7408630920433927e-16,2013
0646042,8.382352941176471,2.775557561562897e-16,2013
0646043,8.5,1.179611963664233e-16,2013
0655461,7.597087378640777,7.632783294298036e-17,2013
0655462,7.294117647058824,7.016956460326134e-16,2013
0655463,7.181372549019608,4.0939474033052475e-16,2013
0724281,8.35,4.16333634234433e-16,2013
0724282,7.094594594594595,2.3939183968480387e-16,2013
0724283,7.712765957446809,5.846018114041895e-16,2013
0740021,7.3584905660377355,2.91433543964107e-16,2013
0740022,6.9186046511627906,2.428612866367558e-17,2013
0740023,6.6477272727272725,6.66133814775101e-16,2013
0740041,9.375,0,2013
0740042,8.194444444444445,2.91433543964107e-16,2013
0740043,9.512195121951219,5.412337245047686e-16,2013
0740571,9.545454545454545,4.996003610813282e-16,2013
0740572,8.4,3.6082248300317755e-16,2013
0740573,8.849206349206348,1.3461454173580102e-15,2013
0746311,7.222222222222221,5.273559366969567e-16,2013
0746312,8.026315789473685,6.626643678231535e-16,2013
0746313,7.253086419753086,2.2204460492503062e-16,2013
0749811,6.957831325301205,3.1225022567582375e-16,2013
0749812,6.753246753246753,4.579669976578727e-16,2013
0749813,7.685185185185185,8.326672684688763e-17,2013
0753761,8.372641509433963,9.749145934989668e-16,2013
0753762,8.53960396039604,4.5102810375397194e-17,2013
0753763,9.146341463414634,6.938893903907242e-17,2013
0755041,7.711267605633803,2.5326962749261073e-16,2013
0755042,8.75,5.5511151231257654e-17,2013
0755043,6.5625,0,2013
0782331,6.944444444444445,1.3877787807814414e-17,2013
0782332,7.391304347826087,2.099015405931913e-16,2013
0782333,8.470873786407767,5.898059818321217e-16,2013
0896761,6.273584905660377,6.938893903907242e-17,2013
0896762,7.459016393442623,3.610393234376695e-16,2013
0896763,7.9296875,0,2013
0940041,9,3.4694469519536034e-18,2013
0940042,8.171641795786131,1.0894063429134496e-15,2013
0940043,7.592592592592593,2.7755575615628827e-17,2013
1017911,7.773972602739725,7.49400541621976e-16,2013
1017912,8.106060606060606,5.481726184086785e-16,2013
1017913,7.467948717948718,1.0863705768304727e-16,2013
1040041,8.790322580645162,5.620504062164886e-16,2013
1040042,8.703703703703704,4.02455846426616e-16,2013
1040043,8.555555555555555,1.457167719820535e-16,2013
1051021,8.01980198019802,1.179611963664233e-16,2013
1051022,8.188622754491018,2.775557561562897e-16,2013
1051023,8.485915492957746,3.538835890992647e-16,2013
1053811,7.922535211267606,6.106226635438429e-16,2013
1053812,7.268518518518519,6.869504964868199e-16,2013
1053813,8.03921568627451,2.2551405187698597e-17,2013
1082061,7.477678571428571,4.926614671774052e-16,2013
1082062,6.811224489795919,3.4174052476742735e-16,2013
1082063,7.597087378640777,2.5131806358214185e-16,2013
1082591,7.569444444444445,1.9949319973733144e-16,2013
1082592,7.925925925925926,1.8648277366750405e-16,2013
1082593,7.846534653465347,3.1225022567582375e-16,2013
1101311,7.063106796116505,2.2898349882893637e-16,2013
1101312,9.180327868852459,0,2013
1101313,8.321428571428571,9.367506770274845e-16,2013
1111541,8.378378378378379,7.355227538141794e-16,2013
1111542,7.354166666666666,7.125376677574597e-16,2013
1111543,8.583333333333332,1.332267629550202e-15,2013
1127441,9.0234375,0,2013
1127442,7.98469387755102,1.1449174941446818e-16,2013
1127443,7.314814814814814,1.0052722543285674e-15,2013
1146041,8.951612903225806,1.1102230246251531e-16,2013
1146042,8.450000000000001,1.1587952819524965e-15,2013
1146043,7.680722891566265,4.4408920985006124e-16,2013
1160061,6,6.938893903907207e-18,2013
1160062,6.264044906268383,2.8796409701214865e-16,2013
1160063,7.111111111111111,3.469446951953651e-16,2013
1174891,8.715277777777779,6.938893903907302e-16,2013
1174892,7.422680412371134,1.2663481374630536e-16,2013
1174893,8.493589743589743,1.2975731600306284e-15,2013
1182761,6.5,3.4694469519536034e-18,2013
1182762,6.988636363636363,3.4520997171938446e-16,2013
1182763,6.862745098039216,9.00321484031966e-16,2013
1224901,7.530487804878049,1.398620802506316e-17,2013
1224902,7.469512195121951,1.974332156096082e-16,2013
1224903,8.31578947368421,9.714451465470232e-17,2013
1240991,6.785714282590248,7.875644580934732e-16,2013
1240992,7.263157894736842,2.05564731903253e-16,2013
1240993,7.2368421052631575,4.1546627249644145e-16,2013
1340041,6.666666666666666,6.106226635438429e-16,2013
1340042,9.166666666666668,1.2212453270876858e-15,2013
1340043,8.482142857142858,5.759281940242973e-16,2013
1349021,7.461538461538462,2.0968470015869663e-16,2013
1349022,7.530487804878049,4.8246996675604276e-17,2013
1349023,7.674418604651163,2.3939183968480387e-16,2013
1355591,6.566265060240964,1.3183898417423916e-16,2013
1355592,7.5,1.3877787807814414e-17,2013
1355593,7.008928571428571,2.081668171172165e-16,2013
1382021,7.659090909090909,3.6862873864507607e-17,2013
1382022,7.636363636363636,4.16333634234433e-16,2013
1382023,7.900763358778626,5.5511151231257654e-17,2013
1411541,7.515432098765432,1.3856103764364626e-16,2013
1411542,7.5,0,2013
1411543,7.708333333333333,2.567390744445716e-16,2013
1424031,7.532894736842105,2.498001805406641e-16,2013
1424032,7.349397590361446,0,2013
1424033,7.09375,2.359223927328466e-16,2013
1440161,8.257575757575758,4.05925293378578e-16,2013
1440162,8.64406779661017,1.5265566588596073e-16,2013
1440163,8.605769230769232,1.0200174038743673e-15,2013
1455281,9.411764705882353,3.261280134836348e-16,2013
1455282,8.854166666666666,5.551115123125794e-16,2013
1455283,8.716216216216218,1.3877787807814605e-15,2013
1504781,8.181818181818182,1.6653345369377526e-16,2013
1504782,7.499999999999999,3.0531133177192145e-16,2013
1504783,7.877358490566038,3.4520997171938446e-16,2013
1511561,8.5,8.326672684688763e-17,2013
1511562,8.333333333333334,5.273559366969567e-16,2013
1511563,8.75,1.3877787807814414e-17,2013
1538591,8.9,5.5511151231257654e-17,2013
1538592,8.709677419354838,9.020562075079344e-16,2013
1538593,8.055555555555555,3.642919299551287e-16,2013
1540441,7.092391304347826,3.885780586188093e-16,2013
1540442,7.162162162162162,4.510281037539672e-16,2013
1540443,8.434343434343434,9.714451465470232e-17,2013
1540581,9.772727272727273,5.950101522600447e-16,2013
1540583,8.848684232499096,2.775557561562897e-16,2013
1546281,7.409638554216867,1.283695372222858e-16,2013
1546282,7.211538461538462,1.5265566588596073e-16,2013
1546283,7.651515151515151,0,2013
1546311,7.878787878787879,2.428612866367558e-16,2013
1546312,8.228155342879234,8.586881206085191e-16,2013
1546313,5.178571428571429,1.1102230246251531e-16,2013
1546761,7.339743589743589,1.2403272853233956e-16,2013
1546762,6.952054801724927,5.637851296924709e-16,2013
1546763,7.042253521126761,5.49907341884648e-16,2013
1556761,7.259615384615384,3.469446951953651e-16,2013
1556762,7.555555555555555,3.0531133177192145e-16,2013
1556763,7.785714285714286,8.326672684688763e-17,2013
1582311,9.9,3.1918911957973344e-16,2013
1582312,7.794117647058823,1.3877787807814484e-16,2013
1582313,7.4333333333333345,8.881784197001225e-16,2013
1582781,7.9296875,0,2013
1582782,5.743243243243244,6.106226635438429e-16,2013
1582783,7.753164556962026,2.7755575615628827e-17,2013
1601041,8.5,7.285838599102574e-16,2013
1601042,8.962264150943396,1.4224732503009722e-16,2013
1601043,8.384615384615385,3.4347524824340997e-16,2013
1611591,7.466666666666667,9.465084965798465e-17,2013
1611592,7.317073170731707,5.195496810550446e-16,2013
1611593,8.026315789473685,7.424616477180679e-16,2013
1624311,8.409090909090908,7.910339050454133e-16,2013
1624312,7.071428571428571,1.7347234759768256e-16,2013
1624313,8.68421052631579,2.2204460492503062e-16,2013
1660061,7.25,7.546047120499101e-17,2013
1660062,7.5,0,2013
1660063,8.352713178294573,2.1510571102112403e-16,2013
1682311,7.091836734693878,6.938893903907207e-18,2013
1682312,7.8125,2.8449465006019444e-16,2013
1682313,8.166666666666666,2.983724378680104e-16,2013
1711591,7.0588235294117645,2.567390744445716e-16,2013
1711592,8.076923076923077,1.0408340855860825e-16,2013
1711593,6.6015625,0,2013
1746431,6.376146786366201,9.853229343548105e-16,2013
1746432,6.1231884057971016,3.469446951953621e-17,2013
1746433,8.706896551724139,8.881784197001225e-16,2013
1755311,9,3.8163916471489904e-16,2013
1755312,7.577319587628866,3.4000580129145094e-16,2013
1755313,8.21808510638298,4.3715031594615485e-16,2013
1774021,8.22429903849689,5.915407053080952e-16,2013
1774022,7.786458333333334,6.123573870198101e-16,2013
1774023,7.6063829787234045,1.457167719820535e-16,2013
1840371,9.722222222222221,7.285838599102574e-16,2013
1840372,7.430555555555556,6.66133814775101e-16,2013
1840373,9.491525423728813,4.475586568020212e-16,2013
1940371,8.114406779661017,9.020562075079439e-17,2013
1940372,8.333333333333334,7.008282842946334e-16,2013
1940373,8.214285714285714,7.632783294297981e-16,2013
2001041,9.310344827586208,1.7590096046404704e-15,2013
2001042,8.947368421052632,4.718447854656932e-16,2013
2001043,8.518518518518517,1.266348137463092e-15,2013
2024541,8.669724770642201,5.03069808033276e-16,2013
2024542,8.928571428571429,3.7123082385903396e-16,2013
2024543,7.469135802469135,4.649058915617885e-16,2013
2040281,9.946808510638299,7.89299181569445e-16,2013
2040282,9.591836734693878,1.0755285551056202e-16,2013
2040283,7.5,0,2013
2049061,7.446236559139785,1.9428902930940464e-16,2013
2049062,7.33739837398374,4.766152750246342e-16,2013
2049063,8.28125,0,2013
2053041,9.827586206896552,1.5092094240998202e-16,2013
2053042,8.582089552238807,1.5196177649556901e-15,2013
2053043,6.9897959183673475,8.32667268468866e-16,2013
2074061,7.289719626168224,8.951173136040423e-16,2013
2074062,7.094594594594595,1.5612511283791187e-16,2013
2074063,10,0,2013
2074281,7.097701149425288,5.811323644522335e-16,2013
2074282,8.63402062166008,5.689893001203889e-16,2013
2074283,7.354651162790698,1.457167719820535e-16,2013
2111541,8.425925925925926,8.326672684688763e-17,2013
2111542,7.514367816091954,7.892991815694418e-17,2013
2111543,6.985294117647059,1.4224732503009722e-16,2013
2111761,7.542016806722689,8.337514706413659e-17,2013
2111762,7.175,2.263814136149764e-16,2013
2111763,7.694174757281553,8.716985466783447e-17,2013
2124281,7.341269841269841,3.391384395534669e-16,2013
2124282,9.430379746835444,8.621575675604699e-16,2013
2124283,7.648148149244603,1.3188235226113946e-15,2013
2411161,8.928571428571429,4.406197628981095e-16,2013
2411162,9.464285714285715,8.04911692853232e-16,2013
2411163,8.678571428571429,2.2204460492503062e-16,2013
2427021,7.202380952380952,6.869504964868199e-16,2013
2427022,6.5,4.9613091412935825e-16,2013
2427023,7.557692307692308,1.6653345369377526e-16,2013
2440561,7.5625,3.1918911957973344e-16,2013
2440562,8.68421052631579,5.5511151231257654e-17,2013
2440563,8.028169014084508,6.696032617270613e-16,2013
2446041,8.658536585365853,2.6367796834847833e-16,2013
2446042,7.927927924242895,1.7694179454963235e-16,2013
2446043,6.868421052631579,2.75821032680315e-16,2013
2446761,7.142857142857142,1.014813233446428e-15,2013
2446762,6.287878787878788,1.9081958235744952e-16,2013
2446763,7.28395061728395,2.6454533008646643e-16,2013
2616761,6.881188118811881,1.4224732503009722e-16,2013
2616762,6.613924050632912,5.20417042793036e-16,2013
2616763,5.4,8.326672684688763e-17,2013
2627281,6.666666666666666,6.904199434387689e-16,2013
2627282,6.971830985915493,2.65412691824452e-16,2013
2627283,6.416666666666666,5.689893001203889e-16,2013
2653591,7.0049504950495045,4.041905699026004e-16,2013
2653592,8.060344827586208,1.2143064331837569e-15,2013
2653593,6.928571428571428,8.083811398052008e-16,2013
2655761,7.438271604938271,1.8041124150158878e-16,2013
2655762,7.857142857142857,5.221517662690148e-16,2013
2655763,6.636363636363636,7.49400541621976e-16,2013
2660591,6.366666666666667,3.469446951953651e-16,2013
2660592,6.9943820224719095,4.11129463806506e-16,2013
2660593,7.196969696969697,2.567390744445716e-16,2013
2663061,8.773584905660378,9.089951014118643e-16,2013
2663062,7.147887323943662,4.753142324176415e-16,2013
2663063,7.310924369747899,1.8431436932253262e-16,2013
2686061,5.930851063829787,1.2490009027033206e-16,2013
2686062,8.333333333333334,5.273559366969567e-16,2013
2686063,6.677631578947368,6.591949208711958e-17,2013
2704021,6.822916666666667,2.4806545706467913e-16,2013
2704022,7.748815165876778,4.50160742015983e-16,2013
2704023,6.929347826086957,8.309325449928829e-16,2013
2718061,7.303370786516854,8.413408858487564e-17,2013
2718062,8.177966101694915,3.4694469519536034e-18,2013
2718063,7.429906542056075,2.6020852139652384e-18,2013
2749511,6.578947368421052,7.632783294298036e-17,2013
2749512,8.767605633802818,5.34294830600849e-16,2013
2749513,6.448598130841121,9.436895709313864e-16,2013
2755591,7.557471264367816,2.4502969098172474e-17,2013
2755592,7.8125,3.469446951953651e-16,2013
2755593,8.798076923076923,5.34294830600849e-16,2013
2801541,7.86144578313253,2.2551405187698597e-17,2013
2801542,8.20945945945946,1.457167719820535e-16,2013
2801543,7.7727272727272725,6.938893903907207e-18,2013
2811041,8.238636363636363,3.330669073875505e-16,2013
2811042,8.181818181818182,2.2898349882893637e-16,2013
2811043,9.166666666666666,6.765421556309617e-16,2013
2811161,6.966292134831461,4.336808689942064e-17,2013
2811162,7.877906976744186,3.1918911957973344e-16,2013
2811163,8.541666666666668,1.1275702593849418e-15,2013
2855021,7.261904761904762,2.0816681711721907e-17,2013
2855022,6.966666666666667,2.51534904016638e-16,2013
2855023,7.698412698412698,8.32667268468866e-16,2013
2882511,8.636363635357094,4.3021142204224806e-16,2013
2882512,7.61764705882353,2.567390744445716e-16,2013
2882513,6.96875,1.2663481374630536e-16,2013
2916761,5.744047619047619,5.551115123125794e-16,2013
2916762,7.019230769230769,4.3021142204224806e-16,2013
2916763,5.681818181818182,8.673617379884052e-18,2013
2924581,7.877358490566038,1.0928757898653871e-16,2013
2924582,7.86231884057971,3.261280134836348e-16,2013
2940281,9.083333333333332,9.818534874028604e-16,2013
2940282,9.23913043478261,5.967448757360208e-16,2013
2940283,9.045454545454545,4.16333634234433e-16,2013
2940991,7.521186440677965,3.538835890992647e-16,2013
2940992,8.984375,3.816391647149018e-17,2013
2940993,7.471264367816092,3.339342691255306e-17,2013
2953311,7.291666666666667,1.2212453270876858e-15,2013
2953312,7.463235294117647,2.9750507613002237e-16,2013
2953313,8.422619047619047,1.7000290064572547e-16,2013
2960061,8.843283582089551,1.1102230246251587e-15,2013
2960062,8.177570093457943,1.0755285551056202e-15,2013
2960063,7.267441860465117,3.443426099813982e-16,2013
2960811,7.480158730158729,7.49400541621976e-16,2013
2960812,7.317708333333333,1.539567084929409e-16,2013
2960813,7.271241830065359,3.066123743789041e-16,2013
2963311,7.4754901960784315,2.1906304895069671e-16,2013
2963312,7.543478260869565,3.4683627497811854e-16,2013
2963313,7.234513274336283,4.857225732735116e-17,2013
2974391,8.535353535353535,6.002143226879755e-16,2013
2974392,7.725225225225225,2.064320936412402e-16,2013
2974393,7.306034482758621,1.5959455978986672e-16,2013
2982451,7.6767676767676765,4.0939474033052475e-16,2013
2982452,8.82882882882883,3.469446951953651e-16,2013
2982453,8.179611650485436,1.281960648746871e-15,2013
2986311,7.083333333333333,8.326672684688763e-17,2013
2986312,7.180232558139535,1.9428902930940464e-16,2013
2986313,8.82183908045977,8.187894806610495e-16,2013
3201461,7.403846153846154,3.6819505777607435e-16,2013
3201462,7.254901960784314,2.01227923213308e-16,2013
3201463,7.575,2.01227923213308e-16,2013
3211161,7.033898305084746,1.9428902930940464e-16,2013
3211162,7.722222222222221,1.0390993621100891e-15,2013
3211163,8.392857142857142,5.273559366969567e-16,2013
3211311,8.829787234042554,5.34294830600849e-16,2013
3211312,8.596491228070175,6.487865800153142e-16,2013
3211313,7.4,2.775557561562897e-16,2013
3216591,6.629213483146067,2.7755575615628827e-17,2013
3216592,8.779761904761905,2.3245294578089427e-16,2013
3216593,6.8181818181818175,3.7990444123892253e-16,2013
3240451,8.660714285714285,7.216449660063551e-16,2013
3240452,8.193069306930694,5.412337245047686e-16,2013
3240453,8.303571428571427,1.5733941927109843e-15,2013
3240781,6.702127659574468,7.771561172376186e-16,2013
3240782,2.5,0,2013
3240783,9.245283018867925,1.3877787807814484e-16,2013
3246811,7.680412371134021,2.8449465006019444e-16,2013
3246812,7.792207792207792,2.2204460492503062e-16,2013
3246813,8.45505617977528,9.159339953157455e-16,2013
3253061,6.9602272727272725,1.1102230246251531e-16,2013
3253062,8.153409090909092,8.690964614643782e-16,2013
3253063,7.19047619047619,8.951173136040423e-16,2013
3255541,8.241758241758241,8.257283745649608e-16,2013
3255542,8.255208333333334,7.285838599102574e-16,2013
3255543,9.010989010989011,9.020562075079439e-17,2013
3263461,7.255434782608695,1.2923689896027033e-16,2013
3263462,8.264705882352942,8.743006318923097e-16,2013
3263463,7.462121212121212,1.5265566588596073e-16,2013
3263591,7.619047619047619,4.631711680858027e-16,2013
3263592,9.203296703296703,4.2674197509029593e-16,2013
3263593,7.379518072289157,1.9559007191638419e-16,2013
3301021,8.010752688172044,8.465450562766816e-16,2013
3301022,6.005747126436781,1.6653345369377526e-16,2013
3301023,6.443661971830986,2.1857515797307742e-16,2013
3301311,6.9940476190476195,4.978656376053362e-16,2013
3301312,6.179245283018868,6.245004513516603e-17,2013
3301313,6.758241758241758,1.8041124150158878e-16,2013
3304041,8.859649122807017,5.273559366969567e-16,2013
3304042,8.863636363636363,1.179611963664233e-16,2013
3304043,8.129921231125454,1.8041124150158878e-16,2013
3340021,7.873563218390805,1.8561541192951698e-16,2013
3340022,9.464285714285715,1.0338951916821626e-15,2013
3340023,7.042253521126761,2.6367796834847833e-16,2013
3346311,8.03370786516854,2.4459601011272487e-16,2013
3346312,7.010869565217392,1.4398204850607432e-16,2013
3346313,8,7.632783294298036e-17,2013
3360591,7.043478289185705,7.563394355258774e-16,2013
3360592,7.763157894736842,4.510281037539672e-16,2013
3360593,8.602941176470589,4.857225732735116e-16,2013
3382311,9.233333333333333,7.632783294297981e-16,2013
3382312,8.85,3.1918911957973344e-16,2013
3382313,8.257575757575758,1.179611963664233e-16,2013
3452331,7.380952380952381,4.657732532997687e-16,2013
3452332,6.513761467889909,8.32667268468866e-16,2013
3452333,7.794117647058823,2.01227923213308e-16,2013
3477631,6.73076923076923,9.124645483638112e-16,2013
3477632,7.3125,3.530162273612841e-16,2013
3477633,8.157894736842104,7.49400541621976e-16,2013
0101041,6.441441441441442,5.793976409762602e-16,2015
0101042,7.948717948717949,2.4980018054065573e-16,2015
0101043,7.146739130434782,7.719519468096896e-16,2015
0102061,6.226708074534161,2.324529457808872e-16,2015
0102062,6.638888888888888,3.8163916471489125e-16,2015
0102063,6.538461538461538,1.8041124150158846e-16,2015
0102331,7.523364485981308,1.0060854059579331e-15,2015
0102332,6.622137404580153,1.3877787807814578e-16,2015
0102333,7.25103734439834,1.0061396160665399e-16,2015
0104461,6.810344827586207,4.718447854656857e-16,2015
0104462,7.373949579831932,2.1857515797307673e-16,2015
0104463,7.17948717948718,2.1510571102112164e-16,2015
0104511,7.5,1.3877787807814287e-17,2015
0104512,7.1651785737232725,2.6281060661049086e-16,2015
0104513,7.151162790697675,2.914335439641051e-16,2015
0140311,8.028846153846153,4.996003610813115e-16,2015
0140312,7.766990291262136,5.204170427930467e-17,2015
0140313,8.074712643678161,4.718447854656857e-16,2015
0140511,8.26388888888889,5.4817261840866335e-16,2015
0140512,8.015463917525773,2.7755575615628575e-17,2015
0140513,7.84375,2.289834988289339e-16,2015
0146431,7.267441860465117,3.8857805861880267e-16,2015
0146432,7.9296875,0,2015
0146433,6.840277777777778,1.3530843112619132e-16,2015
0182061,6.911764705882353,3.1571967262777786e-16,2015
0182062,7.327586206896552,6.938893903907289e-17,2015
0182063,6.801801801801802,3.209238430557076e-16,2015
0304761,7.373737373737374,6.245004513516393e-17,2015
0304762,8.442622950819672,7.632783294298042e-17,2015
0304763,7.476851851851852,8.187894806610603e-16,2015
0311061,8.119047619047619,2.7061686225238265e-16,2015
0311062,8.179347826086957,5.13478148889139e-16,2015
0311063,8.11320754716981,5.793976409762602e-16,2015
0340431,7.253521126760563,4.163336342344344e-17,2015
0340432,7.4789915966386555,2.6703899508318255e-16,2015
0340433,7.699115044247788,6.245004513516393e-17,2015
0346761,7.409638553788331,1.0842021724855138e-17,2015
0346762,7.874531830224309,5.377642775528041e-17,2015
0346763,7.990196078431373,3.1225022567582404e-16,2015
0467461,7.418478260869565,2.643284896519673e-16,2015
0467462,7.857142857142857,4.479923376710027e-16,2015
0467463,7.598039215686275,1.0824674490095306e-15,2015
0516061,6.724137931034483,3.7816971776294405e-16,2015
0516062,6.853932584269662,6.158268339717685e-16,2015
0516063,6.424050632911393,4.0939474033053017e-16,2015
0540541,7.676991150442478,5.14779191496109e-16,2015
0540542,7.638888888888888,1.0972125985553294e-16,2015
0540543,8.069620253164556,6.800116025829204e-16,2015
0542491,7.415730337078651,5.733261088103314e-16,2015
0542492,7.630208333333334,3.4564365258838064e-16,2015
0542493,7.744565217391305,3.8163916471489125e-16,2015
0560431,6.40625,0,2015
0560432,7.191011235955056,2.567390744445695e-16,2015
0560433,7.393617021276595,1.2698175844150366e-15,2015
0560591,7.730263157894737,3.7816971776294405e-16,2015
0560592,7.534722222222221,6.66133814775095e-16,2015
0560593,7.458333333333333,3.634245682171366e-16,2015
0563021,8.398876404494382,4.3368086899419783e-16,2015
0563022,7.857142857142857,5.898059818321133e-16,2015
0563023,7.075471698113208,8.933825901280557e-16,2015
0563461,7.500000000000001,3.153244191775517e-16,2015
0563462,7.06896551724138,6.817463260588958e-16,2015
0563463,8.571428571428571,4.3715031594615346e-16,2015
0566041,6.4823008730293115,6.140921104957852e-16,2015
0566042,6.5476190476190474,1.110223024625143e-16,2015
0566043,7.224409448818897,3.8857805861880267e-16,2015
0574571,6.4655172413793105,3.5388358909927466e-16,2015
0574572,6.776315789473684,1.8041124150158846e-16,2015
0574573,6.799242424242424,1.9602375278537696e-16,2015
0576331,6.5,7.979727989493136e-17,2015
0576332,6.532663316582914,6.938893903907289e-16,2015
0576333,7.569444444444445,2.883977778811379e-17,2015
0582021,8.707865168539326,8.916478666520952e-16,2015
0582022,7.60752688172043,3.8857805861880267e-16,2015
0582023,7.666666666666667,9.783840404509228e-16,2015
0586591,6.569148936170213,2.1857515797307673e-16,2015
0586592,7.692307692307692,7.355227538141698e-16,2015
0586593,7.2368421052631575,4.796510411075895e-16,2015
0604401,7.97244094488189,8.673617379884111e-17,2015
0604402,7.500000000000001,5.204170427930396e-16,2015
0604403,7.7215189873417724,5.368969158148138e-16,2015
0604811,7.897196261682242,1.3461454173580124e-15,2015
0604812,7.63157894736842,3.955169525227067e-16,2015
0604813,7.119565217391305,8.257283745649544e-16,2015
0640281,8.842105263157894,7.424616477180818e-16,2015
0640282,9.642857142857142,7.632783294297825e-16,2015
0640283,9.814814814814815,1.2490009027032787e-16,2015
0640331,7.426470588235294,5.065392549852232e-16,2015
0640332,8.341346153846153,5.13478148889139e-16,2015
0640333,7.738095238095237,6.444497713253725e-16,2015
0646041,8.445378151260504,2.532696274926116e-16,2015
0646042,8.722222222222221,6.175615574477441e-16,2015
0646043,8.32089552238806,3.5388358909927466e-16,2015
0655461,7.521929824561403,2.725142160542347e-16,2015
0655462,7.12962962962963,2.862293735361674e-17,2015
0655463,7.5,3.4694469519536444e-17,2015
0724281,8.155737704918032,1.0130785099704465e-15,2015
0724282,6.772727275662873,2.116362640691689e-16,2015
0724283,7.557251908396947,5.13478148889139e-16,2015
0740021,7.330508474576271,4.440892098500572e-16,2015
0740022,6.7105263157894735,3.7816971776294405e-16,2015
0740023,7.053571428571429,3.7470027081098525e-16,2015
0740041,9.396551724137932,1.3877787807814577e-15,2015
0740042,9.154411764705882,6.591949208711804e-17,2015
0740043,9.435483870967742,1.0408340855860934e-16,2015
0740571,9.325842696629213,9.36750677027459e-16,2015
0740572,8.545751633986928,2.220446049250286e-16,2015
0740573,9.094827586206897,8.673617379884111e-17,2015
0746311,7.804878048780488,2.567390744445695e-16,2015
0746312,7.45,4.597017211338561e-17,2015
0746313,7.733333333333333,1.9428902930940133e-16,2015
0749811,6.6875,2.602085213965198e-16,2015
0749812,7.39010989010989,4.570996359198891e-16,2015
0749813,7.604166666666667,7.654467337747628e-17,2015
0753761,7.785087719298245,5.4817261840866335e-16,2015
0753762,7.698019801980198,2.6454533008646747e-16,2015
0753763,9.142857142857142,4.718447854656857e-16,2015
0755041,7.954545454545454,3.3133218391156286e-16,2015
0755042,8.125,0,2015
0755043,9.13793103448276,1.1865508575681323e-15,2015
0782331,7.37012987012987,3.248269708766606e-16,2015
0782332,7.2368421052631575,2.5760643618255447e-16,2015
0782333,7.902010050251256,2.602085213965198e-16,2015
0896761,7.090163934426229,1.8041124150158846e-16,2015
0896762,6.758241758241758,3.4694469519536444e-17,2015
0896763,7.419354838709677,5.585809592645267e-16,2015
0940041,8.720930232558139,3.955169525227067e-16,2015
0940042,7.38888891971421,2.3592239273284286e-16,2015
0940043,9.428571428571429,5.4817261840866335e-16,2015
1017911,7.761627906976744,5.63785129692457e-17,2015
1017912,8.68421052631579,1.0061396160665399e-16,2015
1017913,7.500000000000001,9.015377844001928e-16,2015
1040041,8.666666666666666,7.216449660063538e-16,2015
1040042,9.583333333333332,1.0789980020575645e-15,2015
1040043,8.455882352941178,6.106226635438434e-16,2015
1051021,7.721238938053098,1.1657341758564205e-15,2015
1051022,8.474264705882353,3.694961003830627e-16,2015
1051023,8.316326530612246,7.285838599102603e-16,2015
1053811,8.961538461538462,4.267419750902899e-16,2015
1053812,7.607758620689656,4.601354020028498e-16,2015
1053813,8.191964285714286,5.065392549852232e-16,2015
1082061,6.941964285714286,4.302114220422433e-16,2015
1082062,7.522321428571429,2.0122792321330797e-16,2015
1082063,7.596899224806202,3.1225022567582404e-16,2015
1082591,7.175572519083969,7.016956460326099e-16,2015
1082592,7.826460481099656,5.225854471380149e-17,2015
1082593,8.324468085106384,9.020562075079312e-16,2015
1101311,7.893518518518518,4.1633363423443735e-16,2015
1101312,8.068181818181818,9.020562075079423e-17,2015
1101313,7.96875,0,2015
1111541,8.090277777777779,5.759281940242938e-16,2015
1111542,7.378472222222222,4.2479041117982636e-16,2015
1111543,8.69047619047619,7.008282842946237e-16,2015
1127441,8.809523809523808,8.361367154208239e-16,2015
1127442,7.7272727272727275,3.4694469519536443e-16,2015
1127443,7.9144385026737964,2.7061686225238265e-16,2015
1146041,8.794642857142858,6.591949208711869e-16,2015
1146042,8.567073170731707,6.106226635438434e-16,2015
1146043,8.698979591836736,1.0026701691145977e-15,2015
1160061,6.681818181818182,2.6367796834847216e-16,2015
1160062,7.837078651685393,6.288372600415831e-16,2015
1160063,6.785714285714286,2.081668171172172e-17,2015
1174891,8.142857142857142,9.003214840319755e-16,2015
1174892,7.797029702970297,6.730727086790062e-16,2015
1174893,8.4,6.66133814775095e-16,2015
1182761,7.228915662650603,1.2576745200831916e-16,2015
1182762,7.619047619047619,5.728924279413376e-16,2015
1182763,7.551546391752577,2.428612866367501e-16,2015
1224901,6.962365591397849,1.0182826803983944e-15,2015
1224902,7.345360824742269,6.730727086790062e-16,2015
1224903,8.149038461538462,4.0766001685454513e-16,2015
1240991,6.861111114325733,1.6653345369377375e-16,2015
1240992,7.202970297029703,4.189357194484009e-16,2015
1240993,7.725,2.9403562917807073e-16,2015
1340041,8.333333333333334,5.551115123125831e-16,2015
1340042,8.482142857142858,4.440892098500572e-16,2015
1340043,8.773584905660378,1.0200174038743807e-15,2015
1349021,7.5,0,2015
1349022,8.125,8.326672684688688e-17,2015
1349023,7.499999999999999,7.632783294297825e-16,2015
1355591,6.911764705882353,3.4867941867133793e-16,2015
1355592,7.5,0,2015
1355593,6.920289855072464,1.4224732503009951e-16,2015
1382021,7.65625,1.253337711393247e-16,2015
1382022,7.689393939393939,8.90563664479587e-16,2015
1382023,8.555555555555555,6.210310043997036e-16,2015
1411541,7.844827586206897,2.0122792321330797e-16,2015
1411542,8.304597701149426,7.875644580934728e-16,2015
1411543,7.837301587301587,2.233456475320139e-16,2015
1424031,7.881944444444445,1.9428902930940133e-16,2015
1424032,7.232142857142857,3.053113317719217e-16,2015
1424033,7.76978417266187,2.7755575615629155e-16,2015
1440161,9.45945945945946,2.324529457808872e-16,2015
1440162,8.125,0,2015
1440163,9.210526315789473,1.0685896612017057e-15,2015
1455281,9.333333333333332,1.1848161340921705e-15,2015
1455282,8.970588235294118,1.3183898417423608e-16,2015
1455283,9.666666666666666,5.100087019371904e-16,2015
1504781,8.115942028985508,3.608224830031769e-16,2015
1504782,7.916666666666667,1.6653345369377375e-16,2015
1504783,7.398648648648649,2.233456475320139e-16,2015
1511561,8.977272727272727,7.216449660063538e-16,2015
1511562,7.5,5.551115123125715e-17,2015
1511563,8.333333333333334,6.106226635438434e-16,2015
1538591,8.096590909090908,7.077671781985493e-16,2015
1538592,8.47560975609756,1.1830814106161876e-15,2015
1538593,8.5,2.7061686225238265e-16,2015
1540441,8.138297872340425,2.6367796834847216e-16,2015
1540442,7.578947368421052,4.4235448637408916e-16,2015
1540443,7.802197802197802,1.5265566588596085e-16,2015
1540581,9.761904761904761,9.298117831235489e-16,2015
1540582,7.142857142857143,4.3715031594615346e-16,2015
1540583,9.068627411672379,1.311450947838438e-15,2015
1546281,7.083333333333332,1.4432899320127076e-15,2015
1546282,7.581967213114754,2.645453300864611e-17,2015
1546283,6.309523809523809,4.5102810375397114e-17,2015
1546311,7.6063829787234045,1.110223024625143e-16,2015
1546312,8.214285714285715,1.0495077029659849e-15,2015
1546313,6.944444444444445,8.326672684688688e-17,2015
1546761,7.402597402597403,4.649058915617744e-16,2015
1546762,6.142857142857142,6.314393452555557e-16,2015
1546763,6.453488372093023,8.326672684688688e-17,2015
1556761,7.452830188679245,1.423557452473486e-16,2015
1556762,8.09322036626191,1.3877787807814287e-17,2015
1556763,7.804054054054054,9.194034422677122e-17,2015
1582311,8.804347826086957,4.78783679369601e-16,2015
1582312,7.63157891735673,1.8735013540549263e-16,2015
1582313,8.2421875,0,2015
1582781,8.52112676056338,1.9081958235744562e-16,2015
1582782,8.489583333333334,5.412337245047653e-16,2015
1582783,7.73696682464455,2.532696274926116e-16,2015
1601041,8.090277777777779,9.36750677027459e-16,2015
1601042,8.645038167938932,2.3592239273284286e-16,2015
1601043,8.38888888888889,4.718447854656857e-16,2015
1611591,7.556818181818182,3.1029866176535166e-16,2015
1611592,7.579787234042554,7.89299181569446e-16,2015
1611593,8.24074074074074,2.3592239273284286e-16,2015
1624311,8.928571428571429,3.677613769070849e-16,2015
1624312,7.234299516908212,2.5240226575462247e-16,2015
1624313,8.641304347826086,9.436895709313714e-16,2015
1660061,7.894736842105263,4.440892098500572e-16,2015
1660062,7.661290322580645,5.551115123125715e-17,2015
1660063,7.864963503649635,1.3444106938820216e-16,2015
1682311,7.626262626262626,2.6671373443143375e-16,2015
1682312,7.783505154639175,2.1510571102112164e-16,2015
1682313,8.457446808510639,5.342948306008528e-16,2015
1711591,7.939814814814815,8.847089727481867e-17,2015
1711592,8.738317757009346,5.447031714567229e-16,2015
1711593,7.115384615384616,3.868433351428338e-16,2015
1746431,6.743119259159104,9.020562075079423e-17,2015
1746432,7.369791666666667,2.4980018054065573e-16,2015
1746433,8.255813953488373,4.1633363423443735e-16,2015
1755311,8.642857142857142,7.979727989493213e-16,2015
1755312,7.731958762886598,2.081668171172172e-17,2015
1755313,8.75598086124402,8.673617379884111e-18,2015
1774021,8.285123978324869,7.303185833862408e-16,2015
1774022,7.82994923857868,2.129373066761516e-16,2015
1774023,7.66260162601626,5.9674487573602e-16,2015
1840371,8.846153848793431,3.5388358909927466e-16,2015
1840372,7.569444444444445,2.7755575615629155e-16,2015
1840373,9.545454545454545,7.771561172376053e-16,2015
1940371,8.138297872340425,2.6367796834847216e-16,2015
1940372,9.23076923076923,9.36750677027459e-16,2015
1940373,8.125,1.0581813203458444e-16,2015
2001041,9.912280701754385,7.272828173032883e-16,2015
2001042,9.625,2.480654570646834e-16,2015
2001043,7.083333333333333,4.440892098500572e-16,2015
2024541,8.241525423728813,6.175615574477441e-16,2015
2024542,7.761627906976744,5.620504062164888e-16,2015
2024543,7.252604166666667,2.567390744445695e-16,2015
2040281,9.840425531914894,5.4817261840866335e-16,2015
2040282,9.488636363636363,3.5735303605122497e-16,2015
2040283,5,0,2015
2049061,7.219626168224298,8.430756093247244e-16,2015
2049062,8.104575163398692,4.1633363423443735e-16,2015
2049063,8.10344827586207,3.5908775952720074e-16,2015
2053041,8.618421052631579,3.4694469519536443e-16,2015
2053042,7.109375,0,2015
2053043,8.461538461538462,1.0408340855860934e-16,2015
2074061,7.794117647058823,4.623038063478183e-16,2015
2074062,7.388888888888888,7.546047120499124e-17,2015
2074063,9.433962264150944,4.232725281383378e-16,2015
2074281,7.363636363636363,3.400058012914602e-16,2015
2074282,8.41743118502043,2.7408630920433168e-16,2015
2074283,7.296511627906977,1.5612511283790983e-17,2015
2111541,9.010416666666668,1.2212453270876868e-15,2015
2111542,7.704081632653061,6.938893903907289e-17,2015
2111543,7.524752475247524,3.7816971776294405e-16,2015
2111761,7.520325203252033,4.312956242147306e-16,2015
2111762,7.5,1.3877787807814287e-17,2015
2111763,7.972972972972973,3.1918911957972545e-16,2015
2124281,7.391304347826087,1.8735013540549263e-16,2015
2124282,9.46875,5.204170427930467e-17,2015
2124283,8.119565236195116,8.82974249272191e-16,2015
2411161,8.529411764705882,2.081668171172172e-17,2015
2411162,8.148148148148149,9.159339953157356e-16,2015
2411163,7.8,1.3877787807814287e-17,2015
2427021,6.189024390243902,6.574601973952065e-16,2015
2427022,5.923913043478261,1.3877787807814578e-16,2015
2427023,7.178571428571428,7.164407955784291e-16,2015
2440561,7.3,3.7470027081098525e-16,2015
2440562,8.548387096774194,2.220446049250286e-16,2015
2440563,8.076923076923077,6.66133814775095e-16,2015
2446041,8.321428571428571,5.447031714567229e-16,2015
2446042,7.857142857142857,8.326672684688688e-17,2015
2446043,7.311827956989247,1.4137996329210857e-16,2015
2446761,7.023809523809524,3.070460552478926e-16,2015
2446762,7.065217391304348,1.8735013540549263e-16,2015
2446763,7.267441860465117,3.01841884819965e-16,2015
2616761,6.861233480176211,3.608224830031769e-16,2015
2616762,6.865079365079365,3.6602665343110733e-16,2015
2616763,6.765734265734266,1.2143064331837504e-16,2015
2627281,7.065217391304348,7.632783294298042e-17,2015
2627282,6.920289855072464,1.9775847626135335e-16,2015
2627283,7.579787234042554,1.2611439670351593e-15,2015
2653591,7.688953488372093,1.5300261058115322e-15,2015
2653592,8.005952380952381,5.689893001203981e-16,2015
2653593,7.392857142857142,6.613633252161715e-16,2015
2655761,7.872340425531915,8.500145032286505e-17,2015
2655762,8.214285714285714,1.2004286453759491e-15,2015
2655763,7.007575757575758,2.0990154059319346e-16,2015
2660591,7.115384615384615,1.8735013540549263e-16,2015
2660592,7.7272727272727275,3.4694469519536444e-17,2015
2660593,7.5390625,0,2015
2663061,9.034090909090908,7.216449660063538e-16,2015
2663062,7.347560975609756,1.3574211199518486e-16,2015
2663063,7.244094488188976,6.071532165918863e-16,2015
2686061,7.079439252336448,0,2015
2686062,9.402173913043478,4.198030811863869e-16,2015
2686063,7.301136363636363,2.0469737016526509e-16,2015
2704021,6.5,8.083811398052002e-16,2015
2704022,7.916666666666667,3.7816971776294405e-16,2015
2704023,6.875,4.8572257327350334e-17,2015
2718061,6.882022471910112,2.3592239273284286e-16,2015
2718062,9.166666666666666,5.898059818321133e-16,2015
2718063,7.2566371681415935,8.265957363029466e-16,2015
2749511,7.201086956521739,1.0495077029659673e-16,2015
2749512,8.484848484848484,5.169475958410888e-16,2015
2749513,7.644628099173554,9.063930161978833e-17,2015
2755591,8.048780487804878,3.469446951953572e-18,2015
2755592,9.139344262295081,7.702172233337054e-16,2015
2755593,8.3203125,0,2015
2801541,7.435064935064935,5.5294310796761145e-17,2015
2801542,8.292079207920793,7.251144129583066e-16,2015
2801543,8.25,1.3877787807814287e-17,2015
2811041,9.18918918918919,3.070460552478926e-16,2015
2811042,8.292682926829269,1.8041124150158846e-16,2015
2811043,9.125,7.632783294298042e-17,2015
2811161,7,2.289834988289339e-16,2015
2811162,8.46938775510204,4.5102810375397114e-17,2015
2811163,8.966666666666667,3.816391647149021e-17,2015
2855021,7.480314960629921,8.066464163292252e-17,2015
2855022,7.195121951219512,1.8648277366750972e-16,2015
2855023,7.945205479452055,2.376571162088214e-16,2015
2882511,8.552631573367107,1.0755285551056082e-16,2015
2882512,8.028846153846153,5.689893001203981e-16,2015
2882513,7.045454545454545,5.9674487573602e-16,2015
2916761,6.603260869565218,3.330669073875475e-16,2015
2916762,7.609649122807017,5.492568205811648e-16,2015
2916763,7.476415094339623,1.1796119636642143e-16,2015
2924581,8.412698412698413,2.9837243786801e-16,2015
2924582,8.24468085106383,4.614364446098206e-16,2015
2924583,9.711538461538462,6.938893903907289e-17,2015
2940281,8.787878787878787,3.6429192995513013e-16,2015
2940282,8.7,7.563394355258881e-16,2015
2940283,8.884892086330934,1.3079815008865082e-15,2015
2940991,7.795454545454545,2.454633718507137e-16,2015
2940992,8.82882882882883,6.591949208711804e-17,2015
2940993,8.097826086956522,3.452099717193914e-16,2015
2953311,7.9399999999999995,5.342948306008528e-16,2015
2953312,6.8359375,0,2015
2953313,8.508064516129032,2.8449465006019903e-16,2015
2960061,8.333333333333332,1.2247147740396205e-15,2015
2960062,8.080357142857142,3.400058012914602e-16,2015
2960063,7.324561403508771,2.289834988289339e-16,2015
2960811,7.4576271186440675,3.537751688820163e-16,2015
2960812,7.291666666666667,2.506675422786494e-16,2015
2960813,7.467105263157895,8.066464163292252e-17,2015
2963311,7.317961165048543,3.2222488566268625e-16,2015
2963312,7.326923076923077,7.042977312465721e-16,2015
2963313,7.756849315068493,7.984064798183285e-16,2015
2974391,8.666666666666666,3.1571967262777786e-16,2015
2974392,7.864321608040201,2.1857515797307673e-16,2015
2974393,7.697368421052631,7.910339050454134e-16,2015
2982451,7.775,3.5388358909927466e-16,2015
2982452,8.458333333333332,1.3843093338294903e-15,2015
2982453,7.954545454545454,3.955169525227067e-16,2015
2986311,7.469879518072289,1.5265566588596085e-16,2015
2986312,7.529761904761904,5.090329199819427e-16,2015
2986313,8.037383177570092,1.5751289161869456e-15,2015
3201461,7,8.326672684688688e-17,2015
3201462,7.24537037037037,2.7755575615628575e-17,2015
3201463,7.827102803738317,1.027823659516267e-15,2015
3211161,8.36734693877551,4.440892098500572e-16,2015
3211162,9.0625,0,2015
3211163,8.716216216216218,1.3600232051658408e-15,2015
3211311,8.895348837209303,9.36750677027459e-16,2015
3211312,8.318777292576419,2.966377143920331e-16,2015
3211313,7.985436893203883,1.5265566588596085e-16,2015
3216591,7.277777777777779,7.285838599102603e-16,2015
3216592,8.4375,0,2015
3216593,7.765486725663717,1.3183898417423608e-16,2015
3240451,8.547619047619047,2.428612866367501e-16,2015
3240452,8.127450980392156,5.620504062164888e-16,2015
3240453,8.179245283018869,6.748074321549809e-16,2015
3240781,8.486842105263158,1.9428902930940133e-16,2015
3240782,7.894736842105263,1.9428902930940133e-16,2015
3240783,8.524590163934425,1.2281842209915704e-15,2015
3246811,7.279411764705882,2.289834988289339e-16,2015
3246812,7.361111111111111,6.106226635438434e-16,2015
3246813,7.377049180327869,1.509209424099825e-16,2015
3253061,8.132183908045977,5.412337245047653e-16,2015
3253062,8.104395604395604,3.8163916471489125e-16,2015
3253063,7.476958525345623,9.298117831235489e-16,2015
3255541,8.612385321100918,5.689893001203981e-16,2015
3255542,8.545454545454545,6.55725473919219e-16,2015
3255543,8.565022421524663,6.279698983036093e-16,2015
3263461,7.833333333333333,2.1337098754514496e-16,2015
3263462,7.777777777777778,5.074066167232138e-16,2015
3263463,7.418032786885246,1.6653345369377375e-16,2015
3263591,7.102272727272727,4.78783679369601e-16,2015
3263592,9.280821917808218,1.0685896612017057e-15,2015
3263593,7.4411764705882355,2.257308923114843e-16,2015
3301021,8.59375000501178,1.4432899320127076e-15,2015
3301022,6.825842696629213,7.823602876655415e-16,2015
3301023,7.020547945205479,5.603156827405033e-16,2015
3301311,7.05,3.937822290467364e-16,2015
3301312,6.824324324324325,1.0928757898653837e-16,2015
3301313,7.247191011235955,1.2490009027032787e-16,2015
3304041,8.619402985074627,5.551115123125831e-16,2015
3304042,8.35,3.2612801348364097e-16,2015
3304043,7.577160534976697,2.9566193243680056e-16,2015
3340021,7.735849056603774,4.579669976578678e-16,2015
3340022,9.047619047619047,1.8041124150158846e-16,2015
3340023,7.135416666666667,2.0816681711721868e-16,2015
3346311,7.815533980582524,3.5735303605122497e-16,2015
3346312,7.520325203252033,2.890482991846335e-16,2015
3346313,8.277777777777777,1.0512424264419634e-15,2015
3360591,7.931547619047619,3.053113317719217e-16,2015
3360592,7.6157407407407405,2.805915222392507e-16,2015
3360593,8.869047619047619,5.551115123125831e-16,2015
3382311,9.23728813559322,5.898059818321133e-16,2015
3382312,8.344155844155845,5.585809592645267e-16,2015
3382313,7.529069767441861,6.142005307130326e-16,2015
3452331,5.862068965517242,6.522560269672819e-16,2015
3452332,6.947368421052631,5.065392549852232e-16,2015
3452333,8.278688524590164,1.9428902930940133e-16,2015
3477631,6.359649122807017,5.898059818321133e-16,2015
3477632,6.676136363636363,5.516420653606229e-16,2015
3477633,8.75,0,2015
0101041,6.452380952380952,4.302114220422437e-16,2018
0101042,7.685185185185185,2.255140518769879e-16,2018
0101043,7.129629629629629,6.245004513516485e-16,2018
0102061,7.033333333333333,1.1796119636642158e-16,2018
0102062,6.637931034482759,2.2204460492503015e-16,2018
0102063,6.946902654867257,5.620504062164911e-16,2018
0102331,7.330097087378641,1.2620113287731516e-16,2018
0102332,7.008928571428571,2.7755575615628657e-16,2018
0102333,7.12121212121212,8.881784197001206e-16,2018
0104461,6.5625,0,2018
0104462,6.271186440677966,2.2204460492503015e-16,2018
0104463,6.833333333333334,4.891920202254648e-16,2018
0104511,6.85,5.273559366969522e-16,2018
0104512,6.581632657556965,6.661338147750831e-16,2018
0104513,7.087155963302751,9.992007221626344e-16,2018
0140311,7.780443906440004,4.597017211338458e-16,2018
0140312,7.450495049504951,7.35522753814163e-16,2018
0140313,8.14516129032258,5.898059818321089e-16,2018
0140511,6.554364484228077,5.551115123125754e-17,2018
0140512,7.12837837837838,1.4623718902484709e-15,2018
0140513,6.7857142857142865,9.575673587391847e-16,2018
0146431,6.920731707317073,1.1102230246251507e-16,2018
0146432,7.575757575757577,1.5664552988070608e-15,2018
0146433,7.077464788732394,5.898059818321089e-16,2018
0182061,7.5,0,2018
0182062,6.976744186046511,7.285838599102576e-16,2018
0182063,6.209677419354839,1.4051260155412278e-16,2018
0304761,7.386363636363636,5.902396627011134e-16,2018
0304762,7.34375,4.163336342344269e-17,2018
0304763,7.448453608247423,2.53269627492617e-16,2018
0311061,7.554347826086956,4.579669976578672e-16,2018
0311062,7.115384615384616,4.3975240116011675e-16,2018
0311063,6.416666666666667,7.35522753814163e-16,2018
0340431,6.74107142857143,1.5820678100908629e-15,2018
0340432,7.743902439024391,1.075528555105623e-15,2018
0340433,7.880434782608695,7.840950111415122e-16,2018
0346761,6.549295769377168,9.020562075079556e-17,2018
0346762,7.413043477951497,1.1544584732625704e-15,2018
0346763,7.32843137254902,7.394258816351201e-16,2018
0467461,7.1306818181818175,6.574601973952186e-16,2018
0467462,7.712765957446809,5.551115123125731e-16,2018
0467463,7.311827956989247,4.371503159461532e-16,2018
0516061,6.1764705882352935,6.106226635438283e-16,2018
0516062,7.157534246575342,1.4051260155412278e-16,2018
0516063,6.742424242424243,4.267419750902908e-16,2018
0540541,7.797029702970296,6.119237061508114e-16,2018
0540542,7.548701298701299,1.0169816377914071e-16,2018
0540543,7.679903465106944,1.2620113287731516e-16,2018
0542491,7.6234567901234565,1.249000902703293e-16,2018
0542492,6.951219512195123,8.36136715420822e-16,2018
0542493,8.115384615384615,2.289834988289336e-16,2018
0560431,6.818181818181818,2.914335439641078e-16,2018
0560432,7.179487179487179,4.770489558936166e-16,2018
0560433,7.528089887640449,5.814576251039701e-16,2018
0560591,7.4642857142857135,7.541710311809085e-16,2018
0560592,7.537313432835821,8.326672684688538e-17,2018
0560593,7.184684684684684,8.166210763160798e-16,2018
0563021,7.830578512396694,2.0816681711721346e-17,2018
0563022,7.151898734177214,8.9338259012804e-16,2018
0563023,6.375838926174496,7.424616477180799e-16,2018
0563461,7.638888888888889,4.69676381120712e-16,2018
0563462,7.3792292383460705,8.419914071522539e-16,2018
0563463,7.854392718403529,2.914335439641078e-16,2018
0566041,6.2999999871400645,2.879640970121518e-16,2018
0566042,7,1.092875789865383e-16,2018
0566043,6.924778761061948,5.984795992120027e-16,2018
0574571,7.06896551724138,6.730727086789881e-16,2018
0574572,6.644736842105263,2.42861286636748e-16,2018
0574573,6.649746192893402,9.645062526431042e-16,2018
0576331,7.0198675496688745,2.931682674400843e-16,2018
0576332,5.932203389830508,6.938893903907225e-16,2018
0576333,6.586538461538461,7.840950111415122e-16,2018
0582021,7.794117647058823,2.0036056147531883e-16,2018
0582022,7.325581395348838,3.287300986976093e-16,2018
0582023,6.78030303030303,2.0816681711721346e-17,2018
0586591,6.776729558310714,2.1163626406917157e-16,2018
0586592,7.916666666666666,7.494005416219823e-16,2018
0586593,6.732673267326733,5.828670879282156e-16,2018
0604401,7.540983606557377,3.40005801291453e-16,2018
0604402,7.408536585365854,6.730727086789881e-16,2018
0604403,7.297297297297297,8.23993651088989e-17,2018
0604811,7.65625,4.579669976578672e-16,2018
0604812,7.817460317460317,1.6653345369377077e-16,2018
0604813,7.351190476190476,3.300311413045873e-16,2018
0640281,8.815597671817487,1.4502288259166324e-15,2018
0640282,8.455882352941178,6.661338147750831e-16,2018
0640283,8.88888888888889,4.64905891561778e-16,2018
0640331,7.426470588235294,3.1225022567582424e-16,2018
0640332,7.593457943925234,4.946130310878802e-16,2018
0640333,7.351694915254237,2.0122792321330718e-16,2018
0646041,7.839805825242719,2.7235158572836286e-16,2018
0646042,8.408521314140431,1.1171619185290602e-15,2018
0646043,8.160377358490566,3.4694469519536127e-16,2018
0655461,7.790178571428572,6.661338147750831e-16,2018
0655462,7.425742574257425,5.635682892579573e-16,2018
0655463,7.690217391304348,3.2612801348364146e-16,2018
0724281,7.844827586206897,4.302114220422437e-16,2018
0724282,6.4534883735547135,8.39606162372778e-16,2018
0724283,7.5,1.3877787807814384e-17,2018
0740021,7.1491228070175445,4.996003610813172e-16,2018
0740022,6.993786540642212,1.5612511283791212e-16,2018
0740023,7.4573721131151816,3.3306690738754154e-16,2018
0740041,8.113207547169813,1.4536982728685632e-15,2018
0740042,8.043699184455416,4.64905891561778e-16,2018
0740043,9.318181818181818,2.2204460492503015e-16,2018
0740571,8.833333333333332,1.262878690511096e-15,2018
0740572,8.015288789402982,9.29811783123556e-16,2018
0740573,8.055555555555555,2.879640970121518e-16,2018
0746311,7.394366197183098,1.786765180256141e-16,2018
0746312,7.616279069767442,1.8041124150159112e-16,2018
0746313,6.975806451612903,3.469446951953596e-18,2018
0749811,6.619115573780395,1.4918621893400428e-16,2018
0749812,7.7011494252873565,1.621966450038316e-16,2018
0749813,7.241054613310975,1.0005017647696302e-15,2018
0753761,7.750000000000001,1.026956297778259e-15,2018
0753762,7.559368664950711,4.64905891561778e-16,2018
0753763,8.4549128062817,2.0122792321330718e-16,2018
0755041,7.6190476190476195,5.355958732078328e-16,2018
0755042,8.050795594655053,1.2073675392798473e-15,2018
0755043,7.884615384615385,4.718447854656863e-16,2018
0782331,7.065217391304348,2.289834988289336e-16,2018
0782332,6.9602272727272725,1.543903893619368e-16,2018
0782333,8.171641791044776,4.0245584642661436e-16,2018
0896761,7.1062962386754585,1.249000902703293e-16,2018
0896762,7.535714285714286,2.985892783025092e-16,2018
0896763,7.807017543859649,2.0816681711721346e-17,2018
0940041,8.157894736842104,9.159339953157344e-16,2018
0940042,10,0,2018
0940043,9.709127381654818,1.5508427875232413e-15,2018
1017911,7.627118644067796,7.901665433074297e-16,2018
1017912,7.083333333333334,7.372574772901394e-16,2018
1017913,7.371794871794872,6.310056643865668e-16,2018
1040041,8.129514965071882,6.938893903907164e-17,2018
1040042,9.10714285714286,2.4494295480792828e-15,2018
1040043,7.949400800214384,5.828670879282156e-16,2018
1051021,8.166666666666666,3.816391647148979e-16,2018
1051022,7.72,2.168404344970989e-18,2018
1051023,8.47560975609756,8.049116928532287e-16,2018
1053811,8.90580057063876,2.5673907444456474e-16,2018
1053812,7.278761061946903,4.267419750902908e-16,2018
1053813,7.812157719719614,3.955169525227157e-16,2018
1082061,7.295918367346938,1.06165076729779e-15,2018
1082062,7.048192771084337,1.8561541192951999e-16,2018
1082063,7.186293435989201,2.2811613709095294e-16,2018
1082591,7.2899159663865545,5.828670879282156e-16,2018
1082592,7.8076923076923075,1.77809156287625e-16,2018
1082593,7.8370786516853945,1.1856834958301597e-15,2018
1101311,6.46067415730337,3.5388358909926643e-16,2018
1101312,7.2333333333333325,1.740795008142731e-15,2018
1101313,7.5,4.163336342344269e-17,2018
1111541,7.3275862068965525,7.259817746962907e-16,2018
1111542,7.131782945736435,1.1796119636642178e-15,2018
1111543,7.833333333333333,2.3592239273284315e-16,2018
1127441,8.370786516853933,9.71445146547005e-17,2018
1127442,7.663551401869158,1.895185397504671e-16,2018
1127443,7.877577113902716,2.289834988289336e-16,2018
1146041,8.277777777777779,7.077671781985329e-16,2018
1146042,8.333333333333332,1.2004286453759371e-15,2018
1146043,7.55952380952381,6.073700570263839e-16,2018
1160061,7.638306789444159,1.5959455978986736e-15,2018
1160062,6.569767441860465,2.740863092043354e-16,2018
1160063,7.023809523809524,6.245004513516465e-17,2018
1174891,7.161290322580645,1.543903893619368e-16,2018
1174892,7.279765986569967,6.895525817007722e-16,2018
1174893,7.372372371043301,3.4694469519536127e-16,2018
1182761,7.460317460317461,9.401117037621687e-16,2018
1182762,7.421875,0,2018
1182763,7.150000000000001,1.68615121864945e-15,2018
1224901,6.903409090909092,9.246076126956488e-16,2018
1224902,6.796875,5.551115123125754e-17,2018
1224903,7.635869565217391,6.730727086789881e-16,2018
1240991,6.798245614035087,1.8041124150159112e-16,2018
1240992,6.904761904761904,2.844946500601948e-16,2018
1240993,6.687499999999999,7.251144129583162e-16,2018
1340041,8.928571428571427,1.554312234475208e-15,2018
1340042,8.125,0,2018
1340043,8.75,0,2018
1349021,7.019230769230768,7.719519468096849e-16,2018
1349022,7.621951219512196,9.553989543942123e-16,2018
1349023,6.833333333333334,5.20417042793042e-16,2018
1355591,7.111111111111112,4.701100619897152e-16,2018
1355592,7.006578947368422,1.3062467774105444e-15,2018
1355593,7.461538461538462,2.471980953266992e-16,2018
1382021,7.523809523809524,1.566672139241569e-17,2018
1382022,7.720588235294119,9.341485918135244e-16,2018
1382023,7.878151260504202,5.20417042793042e-16,2018
1411541,7.528901734104046,2.844946500601948e-16,2018
1411542,8.346774193548388,8.36136715420822e-16,2018
1411543,7.5,6.938893903907192e-18,2018
1424031,7.2835497825056486,6.323067069935554e-16,2018
1424032,7.236540664700714,9.402201239794304e-16,2018
1424033,7.683635992496784,9.419548474553974e-16,2018
1440161,8.53448275862069,6.383782391594768e-16,2018
1440162,7.884615384615384,4.475586568020155e-16,2018
1440163,8.237704918032787,2.1510571102112186e-16,2018
1455281,8.846153846153847,4.996003610813172e-16,2018
1455282,8.823529411764707,6.383782391594768e-16,2018
1455283,8.918650792707634,6.661338147750831e-16,2018
1504781,7.745098039215685,9.159339953157344e-16,2018
1504782,7.452830188679245,1.6263032587282563e-17,2018
1504783,7.324438202218989,3.0531133177191415e-16,2018
1511561,7.759009044233423,7.285838599102695e-17,2018
1511562,2.5,0,2018
1511563,8.75,0,2018
1538591,8.132183908045977,6.531233887052722e-16,2018
1538592,7.694805194805195,3.5388358909926643e-16,2018
1538593,8.200000000000001,1.1275702593849155e-15,2018
1540441,7.335164835164835,1.249000902703293e-16,2018
1540442,7.166666666666666,6.461844948013531e-16,2018
1540443,7.635135135135136,9.016225266389512e-16,2018
1540581,9.705882352941178,1.0547118733939044e-15,2018
1540582,7.499999999999999,8.881784197001206e-16,2018
1540583,9.40476187425703,6.34908792207503e-16,2018
1546281,7.307692307692308,7.9710543721134e-16,2018
1546282,7.788018434273728,3.625572064791581e-16,2018
1546283,6.666666666666666,6.522560269672829e-16,2018
1546311,6.46875,8.326672684688538e-17,2018
1546312,6.657754010695188,4.614364446098202e-16,2018
1546313,7.916666666666666,5.551115123125731e-16,2018
1546761,7.357142857142857,3.3306690738754154e-16,2018
1546762,6.708333333333334,6.071532165918823e-16,2018
1546763,6.352941176470589,6.730727086789881e-16,2018
1556761,7.238095238095237,9.91394466520744e-16,2018
1556762,6.462264127655638,4.926614671774178e-16,2018
1556763,7.307692307692307,1.0547118733939044e-15,2018
1582311,8.53448275862069,7.494005416219823e-16,2018
1582312,9.107142857142858,3.6082248300318224e-16,2018
1582313,7.53968253968254,6.956241138667084e-16,2018
1582781,7.19298245614035,6.643990912991217e-16,2018
1582782,5.735294117647059,2.42861286636748e-16,2018
1582783,7.578242551777135,3.989863994746684e-16,2018
1601041,8.839285714285715,1.1796119636642178e-15,2018
1601042,8.563829787234043,7.147060721024564e-16,2018
1601043,7.903225806451613,1.700029006457265e-16,2018
1611591,7.499999999999999,4.0245584642661436e-16,2018
1611592,7.335526315789473,1.1067535776732142e-15,2018
1611593,7.708333333333333,3.1225022567582424e-16,2018
1624311,8.700000000000001,1.1657341758564311e-15,2018
1624312,6.670854271356784,5.967448757360171e-16,2018
1624313,7.75,2.2204460492503015e-16,2018
1660061,7.533333333333334,4.2663355487304506e-16,2018
1660062,7.6408861250947355,1.2533377113932552e-16,2018
1660063,7.909090909090908,5.802650027142399e-16,2018
1682311,7.135416666666668,1.0590486820838421e-15,2018
1682312,7.412790697674419,2.619432448724975e-16,2018
1682313,8.536585365853657,1.4918621893400462e-15,2018
1711591,7.283653846153847,6.31439345255548e-16,2018
1711592,7.970297029702969,8.96852037080031e-16,2018
1711593,7.303921568627451,1.595945597898692e-16,2018
1746431,7.214285711583404,2.2204460492503015e-16,2018
1746432,6.874999999999999,8.135853102331257e-16,2018
1746433,8.546511627906977,9.71445146547005e-17,2018
1755311,8.287671232876713,7.320533068622156e-16,2018
1755312,7.357954545454545,6.375108774214865e-17,2018
1755313,8.038461538461538,2.5847379792054653e-16,2018
1774021,8.228155342769746,6.964914756046986e-16,2018
1774022,7.411764705882353,2.484991379336798e-16,2018
1774023,7.199999999999999,2.7668839441830354e-16,2018
1840371,8.378378378378379,6.175615574477472e-16,2018
1840372,7.5,2.775557561562877e-17,2018
1840373,9.268292682926829,7.632783294297958e-16,2018
1940371,6.8678160919540225,4.73579508941674e-16,2018
1940372,9.5,6.245004513516465e-17,2018
1940373,7.635933804587063,1.3244613739082739e-15,2018
2001041,9.702380952380953,1.370431546021677e-16,2018
2001042,8.75,4.857225732735025e-17,2018
2001043,7.137096774193548,3.20923843055704e-16,2018
2024541,7.737068965517242,5.06539254985234e-16,2018
2024542,7.664473684210527,1.0581813203458693e-15,2018
2024543,7.953216374269006,7.077671781985329e-16,2018
2040281,9.424882626516764,2.32452945780889e-16,2018
2040282,9.411764705882353,4.0939474033052273e-16,2018
2049061,7.373737373737375,1.01828268039837e-15,2018
2049062,7.8965517241379315,7.979727989493368e-16,2018
2049063,7.844827586206896,1.0096090630185213e-15,2018
2053041,8.928571428571429,3.0531133177191415e-16,2018
2053042,7.857142857142857,2.32452945780889e-16,2018
2053043,7.861736326697314,8.500145032286325e-17,2018
2074061,7.319819819819821,1.04777297948999e-15,2018
2074062,7.247474747474747,6.678685382510755e-17,2018
2074063,7.973352032237281,1.6826817716974703e-16,2018
2074281,6.909326425437107,1.595945597898692e-16,2018
2074282,7.7999999972768315,4.926614671774178e-16,2018
2074283,7.666666666666667,5.345116710353585e-16,2018
2111541,8.348509930021306,8.39606162372778e-16,2018
2111542,7.857142857142858,4.0939474033052273e-16,2018
2111543,7.443820224719101,4.95697233260372e-16,2018
2111761,7.0625,1.5699247457589912e-16,2018
2111762,7.172131147540984,4.605690828718415e-16,2018
2111763,7.219626168224298,8.153200337091053e-16,2018
2124281,7.735849056603775,1.4172690798730684e-15,2018
2124282,8.89986528889696,7.77156117237604e-16,2018
2124283,7.8676470602105155,5.828670879282156e-16,2018
2411161,8.953488372093023,7.632783294297854e-17,2018
2411162,8.970588235294118,1.3877787807814329e-16,2018
2411163,6.782700422520023,4.336808689942016e-17,2018
2427021,6.494252873563219,1.3877787807814384e-17,2018
2427022,6.230769230769231,1.457167719820539e-16,2018
2427023,5.933734939759036,5.551115123125754e-17,2018
2440561,8.619691118795286,5.20417042793042e-16,2018
2440562,8.581468737330333,8.985867605559955e-16,2018
2440563,7.741935483870968,4.336808689941978e-18,2018
2446041,7.453703703703703,1.001152286073099e-15,2018
2446042,6.574999999999999,7.962380754733579e-16,2018
2446043,7.00413222803417,7.459310946700214e-17,2018
2446761,6.219512195121951,6.591949208711903e-17,2018
2446762,6.793478260869565,4.163336342344269e-17,2018
2446763,6.852941176470589,2.081668171172142e-16,2018
2616761,7.487997009373841,2.5673907444456474e-16,2018
2616762,7.32843137254902,7.702172233337069e-16,2018
2616763,6.823098384984242,9.020562075079556e-17,2018
2627281,7.499999999999999,4.193799778128202e-16,2018
2627282,7.5,2.775557561562877e-17,2018
2627283,7.473645946909984,3.7470027081099117e-16,2018
2653591,7.684563758389262,6.392456008974472e-16,2018
2653592,7.75,1.5265566588595708e-16,2018
2653593,7.233647183584178,4.0766001685455263e-16,2018
2655761,7.821637426900585,3.720981855970231e-16,2018
2655762,7.973684210526316,1.994931997373342e-16,2018
2655763,7.104430381419925,4.631711680858117e-16,2018
2660591,6.4367816091954015,9.402201239794304e-16,2018
2660592,6.656976744186046,3.4694469519536127e-16,2018
2660593,6.578947368421052,4.579669976578672e-16,2018
2663061,8.358778621007458,3.816391647148979e-16,2018
2663062,6.833910036243343,1.0304257447302072e-15,2018
2663063,7.083333333333333,6.184289191857356e-16,2018
2686061,7.275280898876404,4.4669129506402e-16,2018
2686062,8.226950356298339,2.2204460492503015e-16,2018
2686063,7.848101265822786,7.719519468096849e-16,2018
2704021,6.483050847457627,2.3592239273284315e-16,2018
2704022,7.779255319148937,5.325601071248887e-16,2018
2704023,7.045454545454545,5.221517662690203e-16,2018
2718061,7.437499999999999,8.95117313604031e-16,2018
2718062,7.756410256410257,7.632783294297958e-16,2018
2718063,6.649484536082475,4.163336342344284e-16,2018
2749511,7.162162162162162,6.938893903907192e-18,2018
2749512,8.1,4.267419750902908e-16,2018
2749513,7.075,2.0296264668928897e-16,2018
2755591,7.604166666666666,7.888655007004427e-16,2018
2755592,7.8389830508474585,6.938893903907225e-16,2018
2755593,7.881355932203389,8.2399365108898e-16,2018
2801541,7.048611111111111,2.7235158572836286e-16,2018
2801542,7.903225806451613,3.6082248300318224e-16,2018
2801543,7.561728395061729,8.326672684688538e-17,2018
2811041,8.663366336633663,9.367506770274779e-17,2018
2811042,8.243243243243244,4.440892098500603e-16,2018
2811043,8.885135135135135,1.249000902703293e-16,2018
2811161,7.455357142857142,5.056718932472453e-16,2018
2811162,8.447368421052632,2.3592239273284315e-16,2018
2811163,8.184931506849315,1.0408340855860673e-17,2018
2855021,7.4788000848221525,1.953732314818905e-16,2018
2855022,6.956521739130434,8.465450562766863e-16,2018
2855023,7.489711936479397,1.0380151599376109e-15,2018
2882511,8.80487804908436,1.0998146837692941e-15,2018
2882512,7.613636363636364,6.730727086789881e-16,2018
2882513,7.098765432098766,3.7470027081099117e-16,2018
2916761,7.077464788732394,3.426078865054255e-16,2018
2916762,7.7749999999999995,5.715913853343507e-16,2018
2916763,7.554945054945055,1.3552527156068998e-16,2018
2924581,7.9411764705882355,1.3877787807814329e-16,2018
2924582,7.531645569620253,2.2887507861168994e-16,2018
2924583,8.5,1.249000902703293e-16,2018
2940281,7.484423671445618,9.7898035164579e-16,2018
2940282,8.024193548387096,7.806255641895754e-16,2018
2940283,8.683616977366398,1.6653345369377077e-16,2018
2940991,7.270833333333333,2.4069288229177804e-16,2018
2940992,8.142201834862385,1.457167719820539e-16,2018
2940993,7.82258064516129,3.8250652645289193e-16,2018
2953311,6.913043478260869,3.677613769070815e-16,2018
2953312,7.095771144648071,2.498001805406586e-16,2018
2953313,7.541237108099904,7.77156117237604e-16,2018
2960061,8.728070175438596,5.551115123125731e-16,2018
2960062,7.239130434782608,4.85722573273496e-16,2018
2960063,7.367021276595745,1.94289029309401e-16,2018
2960811,7.264150943396227,3.6168984474116743e-16,2018
2960812,7.6213592233009715,1.4779844015322533e-15,2018
2960813,7.6307189542483655,3.920475055707561e-16,2018
2963311,7.740641711229946,3.287300986976093e-16,2018
2963312,7.217391304347826,5.464378949326915e-17,2018
2963313,7.44140625,0,2018
2974391,8.88888888888889,4.406197628981098e-16,2018
2974392,8.2,7.216449660063645e-16,2018
2974393,7.659090909090908,7.702172233337069e-16,2018
2982451,7.627551020408164,6.583275591331958e-16,2018
2982452,7.981651376146788,1.094610513341376e-15,2018
2982453,7.66509433962264,1.7555401576885126e-15,2018
2986311,7.083333333333333,4.2500725161431917e-16,2018
2986312,7.423076923076923,4.653395724307749e-16,2018
2986313,7.604166666666667,2.844946500601948e-16,2018
3201461,7.356321839080459,1.0126448291014598e-15,2018
3201462,7.352941176470589,5.273559366969522e-16,2018
3201463,7.281553398058252,4.0939474033052273e-16,2018
3211161,8.895348837209301,1.269817584415006e-15,2018
3211162,8.69047619047619,5.689893001203896e-16,2018
3211163,8.418674697051387,9.506284648352737e-16,2018
3211311,8.24074074074074,1.8041124150159112e-16,2018
3211312,8.203125,1.4051260155412278e-16,2018
3211313,8.091397849462366,3.6082248300318224e-16,2018
3216591,7.354651162790698,4.2327252813834315e-16,2018
3216592,7.681159420289855,7.216449660063645e-16,2018
3216593,7.362637362637362,1.9775847626135786e-16,2018
3240451,7.727272727272727,7.008282842946215e-16,2018
3240452,7.781385281385281,5.967448757360171e-16,2018
3240453,8.13063063063063,4.857225732735025e-17,2018
3240781,7.93103448275862,5.030698080332832e-16,2018
3240782,8.214285714285714,7.77156117237604e-16,2018
3240783,7.445652173913044,5.967448757360171e-16,2018
3246811,7.390109890109889,1.4020902494582573e-15,2018
3246812,7.471264367816092,9.020562075079556e-17,2018
3246813,7.976190476190475,6.47051856539336e-16,2018
3253061,6.975218657554467,5.741934705483258e-16,2018
3253062,7.705237084021597,5.06539254985234e-16,2018
3253063,7.019774011299435,1.9081958235744635e-17,2018
3255541,7.741545893719807,3.469446951953582e-17,2018
3255542,7.500000000000001,1.040834085586084e-15,2018
3255543,7.787081339712919,1.9775847626135786e-16,2018
3263461,7.2727272727272725,3.2265856653167897e-16,2018
3263462,7.343750000000001,8.91214185783093e-16,2018
3263463,7.421875,0,2018
3263591,7.061855670103093,2.844946500601948e-16,2018
3263592,8.321917808219178,1.700029006457265e-16,2018
3263593,7.499999999999999,3.191891195797384e-16,2018
3301021,7.90404040217862,5.273559366969522e-16,2018
3301022,6.874999999999999,9.575673587391847e-16,2018
3301023,6.756923086778523,8.985867605559955e-16,2018
3301311,7.6499999999999995,2.9793875699901465e-16,2018
3301312,7.014563106796116,7.441963711940462e-16,2018
3301313,7.471264367816093,8.465450562766863e-16,2018
3304041,7.88135593220339,2.7929047963226505e-16,2018
3304042,8.5161443340559,4.857225732735025e-17,2018
3304043,8.697916654794353,1.9081958235744895e-16,2018
3340021,7.04954954954955,8.673617379884032e-17,2018
3340022,8.214285714285714,7.910339050454314e-16,2018
3340023,7.612359550561798,1.6653345369377077e-16,2018
3346311,7.443820224719101,3.4737837606435355e-16,2018
3346312,7.424242424242425,5.340779901663636e-16,2018
3346313,8.143939393939394,5.585809592645301e-16,2018
3360591,7.614379084967319,1.0998146837692941e-15,2018
3360592,7.736842105263158,5.828670879282156e-16,2018
3360593,7.946428571428572,6.383782391594768e-16,2018
3382311,9.314814814814815,8.673617379884032e-17,2018
3382312,8.278688524590162,1.5230872119076366e-15,2018
3382313,7.580241770964923,1.0158974356189001e-15,2018
3452331,6.142857142857142,6.80011602582906e-16,2018
3452332,7.006172839506172,4.0245584642661436e-16,2018
3452333,7.5,1.3877787807814384e-17,2018
3477631,6.800000004550419,7.667477763817564e-16,2018
3477632,6.802915082003353,7.320533068622156e-16,2018
3477633,8.600478473369167,2.1510571102112186e-16,2018
