communityID,year,urban_score_house
0101041,2011,4.868421052631579
0101041,2013,6.166666666666667
0101041,2015,4.224137931034483
0101041,2018,4.916666666666666
0101042,2011,6.484375
0101042,2013,6.699999999999999
0101042,2015,7.105263157894736
0101042,2018,7.5
0101043,2011,2.6666666666666665
0101043,2013,5.9375
0101043,2015,4.995112414467253
0101043,2018,5.241935483870968
0102061,2011,1.7857142857142858
0102061,2013,5.833333333333334
0102061,2015,6.129032258064516
0102061,2018,6.583333333333333
0102062,2011,1.5625
0102062,2013,5.555555555555555
0102062,2015,5.833333333333332
0102062,2018,6
0102063,2011,2.0689655172413794
0102063,2013,5.78125
0102063,2015,5.928571428571429
0102063,2018,6.176470588235294
0102331,2011,5.869565217391304
0102331,2013,5.104166666666666
0102331,2015,6.427777777777778
0102331,2018,6.7142857142857135
0102332,2011,4.444444444444445
0102332,2013,4.772727272727273
0102332,2015,4.673913043478261
0102332,2018,6.136363636363637
0102333,2011,5.390625
0102333,2013,5.703125
0102333,2015,6
0102333,2018,6.25
0104461,2011,6.25
0104461,2013,6.590909090909092
0104461,2015,6.944444444444445
0104461,2018,7.1875
0104462,2011,6.428571428571429
0104462,2013,6.574074074074074
0104462,2015,6.691176470588235
0104462,2018,6.691176470588235
0104463,2011,4.903846153846154
0104463,2013,6.018518518518519
0104463,2015,5.557692307692308
0104463,2018,6
0104511,2011,4.523809523809524
0104511,2013,6.666666666666666
0104511,2015,7.500000000000001
0104511,2018,7.159090909090909
0104512,2011,5
0104512,2013,6.696428571428571
0104512,2015,6.379310344827587
0104512,2018,6.071428571428571
0104513,2011,5
0104513,2013,6.5
0104513,2015,6.521739130434783
0104513,2018,5.681818181818182
0140311,2011,9.880952380952381
0140311,2013,9.583333333333334
0140311,2015,9.5
0140311,2018,9.204545454545453
0140312,2011,6.875
0140312,2013,7.3076923076923075
0140312,2015,6.833333333333334
0140312,2018,7.5
0140313,2011,8.75
0140313,2013,9
0140313,2015,9.130434782608695
0140313,2018,9.62962962962963
0140511,2011,5.441176470588235
0140511,2013,7.272727272727272
0140511,2015,7
0140511,2018,7.222222222222222
0140512,2011,5.9
0140512,2013,7.222222222222221
0140512,2015,7.403846153846154
0140512,2018,7.232142857142857
0140513,2011,6.470588235294117
0140513,2013,6.363636363636363
0140513,2015,6.979166666666668
0140513,2018,6.477272727272727
0146431,2011,4.375
0146431,2013,7
0146431,2015,7.5
0146431,2018,7.333333333333334
0146432,2011,5.568181818181818
0146432,2013,6.9318181818181825
0146432,2015,7.717391304347826
0146432,2018,7.5
0146433,2011,4.166666666666666
0146433,2013,6.111111111111112
0146433,2015,6
0146433,2018,7.4
0182061,2011,1.5625
0182061,2013,4.166666666666666
0182061,2015,4.205882352941177
0182061,2018,5.526315789473685
0182062,2011,4.25
0182062,2013,5.1
0182062,2015,5.288461538461537
0182062,2018,5.865384615384616
0182063,2011,5.208333333333334
0182063,2013,5.267857142857143
0182063,2015,5.071428571428571
0182063,2018,5.540540540540542
0304761,2011,7.142857142857142
0304761,2013,6.854838709677419
0304761,2015,7.100313479623824
0304761,2018,6.953125
0304762,2011,7.625
0304762,2013,7.647058823529411
0304762,2015,8.75
0304762,2018,8.4375
0304763,2011,5.185185185185185
0304763,2013,5.5357142857142865
0304763,2015,5.955882352941177
0304763,2018,5.322580645161291
0311061,2011,5.9375
0311061,2013,6.5625
0311061,2015,6.935483870967741
0311061,2018,6.710526315789474
0311062,2011,5
0311062,2013,7.4107142857142865
0311062,2015,7.096774193548388
0311062,2018,6.25
0311063,2011,6.9
0311063,2013,8.26086956521739
0311063,2015,7.5
0311063,2018,6.5625
0340431,2011,4.75
0340431,2013,6.578947368421053
0340431,2015,6.5
0340431,2018,6.590909090909091
0340432,2011,7.124999999999999
0340432,2013,8.157894736842104
0340432,2015,7.829131652661064
0340432,2018,7.916666666666666
0340433,2011,5.61923076923077
0340433,2013,7.678571428571428
0340433,2015,7.166666666666668
0340433,2018,7.844827586206896
0346761,2011,3.8541666666666674
0346761,2013,6.625
0346761,2015,6.416666666666666
0346761,2018,6.973684210526315
0346762,2011,4.700000000000001
0346762,2013,6.607142857142857
0346762,2015,7.182291666666667
0346762,2018,7.083333333333334
0346763,2011,4.2857142857142865
0346763,2013,6.666666666666666
0346763,2015,6.330128205128204
0346763,2018,6.810344827586206
0467461,2011,3.984375
0467461,2013,5.46875
0467461,2015,7.279411764705882
0467461,2018,6.5
0467462,2011,2.3275862068965516
0467462,2013,5.15625
0467462,2015,6.724910394265233
0467462,2018,7.426470588235294
0467463,2011,1.9642857142857142
0467463,2013,6.25
0467463,2015,7.116324535679375
0467463,2018,6.5
0516061,2011,3.875
0516061,2013,5.760869565217392
0516061,2015,4.772727272727273
0516061,2018,6.022727272727272
0516062,2011,4.8
0516062,2013,5
0516062,2015,5.887096774193549
0516062,2018,7.403846153846154
0516063,2011,3.706896551724138
0516063,2013,4.615384615384616
0516063,2015,4.655172413793103
0516063,2018,5.3125
0540541,2011,5.681818181818182
0540541,2013,6.538461538461538
0540541,2015,7.1875
0540541,2018,7.65625
0540542,2011,9.453125
0540542,2013,9.318181818181818
0540542,2015,9.727272727272727
0540542,2018,9.855769230769232
0540543,2011,4.609375
0540543,2013,6.7857142857142865
0540543,2015,7.0852272727272725
0540543,2018,7.5
0542491,2011,6.029411764705883
0542491,2013,6.2
0542491,2015,6.379310344827587
0542491,2018,6.379310344827585
0542492,2011,6.521739130434783
0542492,2013,7.037037037037037
0542492,2015,6.287878787878788
0542492,2018,6.166666666666667
0542493,2011,6.315789473684211
0542493,2013,6.923076923076923
0542493,2015,6.964285714285715
0542493,2018,7.199999999999999
0560431,2011,3.9814814814814814
0560431,2013,4.423076923076923
0560431,2015,6.25
0560431,2018,7.5
0560432,2011,5.892857142857143
0560432,2013,5.080645161290322
0560432,2015,5.833333333333332
0560432,2018,7.333333333333334
0560433,2011,6.145833333333332
0560433,2013,5.6034482758620685
0560433,2015,6.379310344827587
0560433,2018,7.403846153846154
0560591,2011,6.428571428571428
0560591,2013,7.045454545454546
0560591,2015,7.826086956521739
0560591,2018,8.58695652173913
0560592,2011,5.652173913043478
0560592,2013,7
0560592,2015,7.3
0560592,2018,8.229166666666668
0560593,2011,6.25
0560593,2013,5.7894736842105265
0560593,2015,5.833333333333334
0560593,2018,6.249999999999999
0563021,2011,9.444444444444445
0563021,2013,9.21875
0563021,2015,9.539473684210527
0563021,2018,9.407894736842106
0563022,2011,9.027777777777779
0563022,2013,8.4
0563022,2015,8.839285714285714
0563022,2018,8.96551724137931
0563023,2011,5.7407407407407405
0563023,2013,6.826923076923077
0563023,2015,6.403846153846153
0563023,2018,6.206896551724138
0563461,2011,4.411764705882353
0563461,2013,7.5
0563461,2015,7.01923076923077
0563461,2018,7.800000000000001
0563462,2011,5.833333333333332
0563462,2013,7.000000000000001
0563462,2015,7
0563462,2018,9.038461538461538
0563463,2011,8.26086956521739
0563463,2013,9.75
0563463,2015,9.772727272727273
0563463,2018,9.814814814814815
0566041,2011,3.5810810810810807
0566041,2013,4.868421052631579
0566041,2015,5.4375
0566041,2018,6.689189189189189
0566042,2011,3.4375
0566042,2013,3.854166666666666
0566042,2015,4.25
0566042,2018,4.827586206896552
0566043,2011,5.277777777777778
0566043,2013,6.357142857142857
0566043,2015,6.7857142857142865
0566043,2018,7.071428571428571
0574571,2011,5.288461538461537
0574571,2013,6.071428571428571
0574571,2015,5.75
0574571,2018,6.3392857142857135
0574572,2011,4.326923076923077
0574572,2013,4.7
0574572,2015,5.208333333333334
0574572,2018,5.865384615384616
0574573,2011,3.055555555555556
0574573,2013,3.8888888888888884
0574573,2015,4.543956043956044
0574573,2018,4.485294117647058
0576331,2011,2.1875
0576331,2013,4.342105263157895
0576331,2015,4.140625
0576331,2018,5.3125
0576332,2011,3.6486486486486487
0576332,2013,5
0576332,2015,4.156231365533691
0576332,2018,5.365853658536586
0576333,2011,3.8636363636363633
0576333,2013,4.375
0576333,2015,4.419975186104218
0576333,2018,5.555555555555555
0582021,2011,7.5
0582021,2013,8.958333333333334
0582021,2015,9.537037037037038
0582021,2018,9.807692307692308
0582022,2011,5.625
0582022,2013,7.386363636363637
0582022,2015,7.592592592592592
0582022,2018,8.653846153846153
0582023,2011,4.4
0582023,2013,6.018518518518519
0582023,2015,8.046875
0582023,2018,9.107142857142858
0586591,2011,4.107142857142858
0586591,2013,5.277777777777778
0586591,2015,6.25
0586591,2018,7.3076923076923075
0586592,2011,9.464285714285714
0586592,2013,9.21875
0586592,2015,9.166666666666666
0586592,2018,9.25
0586593,2011,3.888888888888889
0586593,2013,5.390625
0586593,2015,5.6361607142857135
0586593,2018,7.8125
0604401,2011,5.925925925925926
0604401,2013,6.617647058823529
0604401,2015,8.516214177978883
0604401,2018,8.513513513513514
0604402,2011,6.458333333333332
0604402,2013,7.608695652173912
0604402,2015,8.086363636363638
0604402,2018,8.24074074074074
0604403,2011,6.3392857142857135
0604403,2013,7.416666666666667
0604403,2015,8.12169312169312
0604403,2018,7.870370370370371
0604811,2011,8.513513513513512
0604811,2013,7.702702702702703
0604811,2015,8.5
0604811,2018,8.26388888888889
0604812,2011,9.411764705882353
0604812,2013,8.58974358974359
0604812,2015,8.902439024390244
0604812,2018,8.5625
0604813,2011,8.152173913043478
0604813,2013,8.1
0604813,2015,7.931034482758621
0604813,2018,8.703703703703702
0640281,2011,10
0640281,2013,9.791666666666666
0640281,2015,10
0640281,2018,9.880952380952381
0640282,2011,9.761904761904761
0640282,2013,9.26470588235294
0640282,2015,9.75
0640282,2018,9.868421052631579
0640283,2011,9.833333333333334
0640283,2013,9.791666666666666
0640283,2015,10
0640283,2018,9.583333333333334
0640331,2011,6.574074074074074
0640331,2013,6.3392857142857135
0640331,2015,5.96774193548387
0640331,2018,6.290322580645161
0640332,2011,9.523809523809524
0640332,2013,8
0640332,2015,8.90625
0640332,2018,8.56060606060606
0640333,2011,6.666666666666668
0640333,2013,6.447368421052632
0640333,2015,7.191994996873046
0640333,2018,7.17948717948718
0646041,2011,9.0625
0646041,2013,9.8
0646041,2015,9.722222222222221
0646041,2018,9.6875
0646042,2011,9.318181818181818
0646042,2013,9.642857142857144
0646042,2015,10
0646042,2018,10
0646043,2011,9.107142857142858
0646043,2013,9.53125
0646043,2015,9.880952380952381
0646043,2018,9.868421052631579
0655461,2011,2.3000000000000003
0655461,2013,5.648148148148148
0655461,2015,5.524553571428572
0655461,2018,6.209677419354839
0655462,2011,2.2727272727272725
0655462,2013,5.434782608695652
0655462,2015,5.671695402298851
0655462,2018,5.948275862068964
0655463,2011,2.833333333333333
0655463,2013,8.145161290322582
0655463,2015,7.261904761904761
0655463,2018,7.348484848484849
0724281,2011,8.478260869565217
0724281,2013,9.125
0724281,2015,8.863636363636363
0724281,2018,9.375
0724282,2011,8.07748538011696
0724282,2013,8.23529411764706
0724282,2015,8.703703703703704
0724282,2018,9.375
0724283,2011,8.235294117647058
0724283,2013,8.977272727272727
0724283,2015,9.017857142857142
0724283,2018,9.891304347826086
0740021,2011,6.578947368421053
0740021,2013,7.638888888888888
0740021,2015,7.142857142857143
0740021,2018,7.6190476190476195
0740022,2011,3.552631578947368
0740022,2013,6.041666666666666
0740022,2015,5.364583333333332
0740022,2018,6.5625
0740023,2011,4.248366013071896
0740023,2013,6
0740023,2015,7.794117647058823
0740023,2018,8.970588235294116
0740041,2011,10
0740041,2013,8.928571428571427
0740041,2015,9.473684210526317
0740041,2018,10
0740042,2011,8.289473684210527
0740042,2013,8.75
0740042,2015,9.404761904761905
0740042,2018,9.545454545454547
0740043,2011,9.230769230769232
0740043,2013,8.901098901098901
0740043,2015,9.807692307692308
0740043,2018,9.230769230769232
0740571,2011,9.5
0740571,2013,9.166666666666666
0740571,2015,9.666666666666668
0740571,2018,9.583333333333334
0740572,2011,10
0740572,2013,8.928571428571427
0740572,2015,9.375
0740572,2018,8.69047619047619
0740573,2011,9.86111111111111
0740573,2013,9.642857142857142
0740573,2015,10
0740573,2018,10
0746311,2011,2.8125000000000004
0746311,2013,6.145833333333334
0746311,2015,6.000000000000001
0746311,2018,6.25
0746312,2011,3.4615384615384617
0746312,2013,6.923076923076923
0746312,2015,6.036764705882352
0746312,2018,6.40625
0746313,2011,2.8
0746313,2013,5.729166666666668
0746313,2015,6.458333333333334
0746313,2018,6.904761904761903
0749811,2011,4.545454545454546
0749811,2013,5.096153846153846
0749811,2015,6.018518518518519
0749811,2018,7.6923076923076925
0749812,2011,4.1000000000000005
0749812,2013,6.9
0749812,2015,7.7073732718894
0749812,2018,8.790322580645162
0749813,2011,3.4000000000000004
0749813,2013,6.38157894736842
0749813,2015,5.88032581453634
0749813,2018,7.329545454545455
0753761,2011,7.962962962962963
0753761,2013,8.192959001782532
0753761,2015,8.476874003189792
0753761,2018,8.91891891891892
0753762,2011,8.75
0753762,2013,8.359375
0753762,2015,8.308823529411764
0753762,2018,9.015151515151516
0753763,2011,9
0753763,2013,8.541666666666666
0753763,2015,9.0625
0753763,2018,9.196428571428573
0755041,2011,8.214285714285714
0755041,2013,8.25
0755041,2015,8.75
0755041,2018,9.270833333333334
0755042,2011,8.541666666666666
0755042,2013,9.375
0755042,2015,9
0755042,2018,9.5
0755043,2011,9.444444444444445
0755043,2013,10
0755043,2015,8.88888888888889
0755043,2018,9.423076923076923
0782331,2011,5.2
0782331,2013,5.326086956521739
0782331,2015,6.346153846153847
0782331,2018,7.613636363636363
0782332,2011,4.224137931034483
0782332,2013,5.462962962962963
0782332,2015,5.403225806451612
0782332,2018,6.637931034482759
0782333,2011,6.833333333333334
0782333,2013,6.590909090909091
0782333,2015,7.5
0782333,2018,8.513513513513514
0896761,2011,2.631578947368421
0896761,2013,7.142857142857143
0896761,2015,7.173913043478261
0896761,2018,7.105263157894736
0896762,2011,4.423076923076923
0896762,2013,6.9565217391304355
0896762,2015,6.7548387096774185
0896762,2018,7.5
0896763,2011,7.25
0896763,2013,9.078947368421053
0896763,2015,9.375
0896763,2018,9.642857142857142
0940041,2011,9.886363636363637
0940041,2013,9.782608695652174
0940041,2015,9.6875
0940041,2018,9
0940042,2011,10
0940042,2013,9.6875
0940042,2015,10
0940042,2018,10
0940043,2011,9.5
0940043,2013,10
0940043,2015,9.545454545454547
0940043,2018,9.807692307692308
1017911,2011,1.875
1017911,2013,3.75
1017911,2015,3.487762237762238
1017911,2018,3.9705882352941178
1017912,2011,4.5
1017912,2013,5.277777777777778
1017912,2015,6.0078347578347575
1017912,2018,6.764705882352942
1017913,2011,2.3684210526315788
1017913,2013,4.2
1017913,2015,4.621874999999999
1017913,2018,4.741379310344827
1040041,2011,7.954545454545455
1040041,2013,9.027777777777779
1040041,2015,9.147727272727273
1040041,2018,9.230769230769232
1040042,2011,8.035714285714286
1040042,2013,8.61111111111111
1040042,2015,9.375
1040042,2018,9.464285714285714
1040043,2011,8.529411764705882
1040043,2013,9.807692307692308
1040043,2015,10
1040043,2018,9.705882352941178
1051021,2011,2.4324324324324325
1051021,2013,6.428571428571429
1051021,2015,6.771561771561771
1051021,2018,6.891891891891891
1051022,2011,3.25
1051022,2013,6.576086956521739
1051022,2015,7.380952380952381
1051022,2018,7.441860465116279
1051023,2011,6.666666666666668
1051023,2013,8.25
1051023,2015,7.34375
1051023,2018,7.34375
1053811,2011,8
1053811,2013,8.625
1053811,2015,8.25
1053811,2018,8.467741935483872
1053812,2011,5.178571428571428
1053812,2013,6.048387096774194
1053812,2015,6.0606060606060606
1053812,2018,6.041666666666666
1053813,2011,5.961538461538462
1053813,2013,6.379310344827587
1053813,2015,7.5
1053813,2018,7.5
1082061,2011,2.596153846153846
1082061,2013,4.21875
1082061,2015,3.9184952978056424
1082061,2018,5.303030303030303
1082062,2011,1.5740740740740742
1082062,2013,3.709677419354839
1082062,2015,4.389140271493213
1082062,2018,5.0925925925925934
1082063,2011,1.6379310344827585
1082063,2013,3.790322580645161
1082063,2015,4.470486111111111
1082063,2018,6.015625
1082591,2011,3.75
1082591,2013,3.75
1082591,2015,3.5714285714285716
1082591,2018,4.615384615384615
1082592,2011,4.261363636363636
1082592,2013,3.9673913043478266
1082592,2015,4.623397435897435
1082592,2018,4.728260869565217
1082593,2011,4.84375
1082593,2013,5.961538461538462
1082593,2015,6.357142857142857
1082593,2018,6.805555555555555
1101311,2011,8.229166666666666
1101311,2013,7.799999999999999
1101311,2015,8.666666666666668
1101311,2018,9
1101312,2011,8.55263157894737
1101312,2013,8.38235294117647
1101312,2015,8.660714285714286
1101312,2018,9.166666666666666
1101313,2011,9.374999999999998
1101313,2013,8.69047619047619
1101313,2015,9.6
1101313,2018,9.239130434782608
1111541,2011,8.235294117647058
1111541,2013,7.5
1111541,2015,8.928571428571427
1111541,2018,8.529411764705884
1111542,2011,6.25
1111542,2013,7.5
1111542,2015,8.075396825396826
1111542,2018,8.64864864864865
1111543,2011,8.194444444444445
1111543,2013,8.409090909090908
1111543,2015,7.5
1111543,2018,8.653846153846153
1127441,2011,8.881578947368421
1127441,2013,8.75
1127441,2015,9.4375
1127441,2018,9.537037037037038
1127442,2011,7.4107142857142865
1127442,2013,8.125
1127442,2015,8.108108108108107
1127442,2018,8.90625
1127443,2011,8.333333333333332
1127443,2013,8.076923076923077
1127443,2015,8.387096774193548
1127443,2018,9.375
1146041,2011,7.222222222222222
1146041,2013,9
1146041,2015,9.473684210526317
1146041,2018,9.53125
1146042,2011,8.947368421052634
1146042,2013,9.166666666666668
1146042,2015,9.196428571428573
1146042,2018,9.210526315789473
1146043,2011,3.854166666666667
1146043,2013,7.685185185185185
1146043,2015,8.294504181600956
1146043,2018,8.557692307692307
1160061,2011,5
1160061,2013,7.625
1160061,2015,7.625
1160061,2018,8.382352941176471
1160062,2011,7.291666666666666
1160062,2013,8.229166666666666
1160062,2015,8.068181818181818
1160062,2018,8.478260869565217
1160063,2011,5.476190476190476
1160063,2013,7.738095238095237
1160063,2015,8.189655172413792
1160063,2018,7.678571428571429
1174891,2011,8.46153846153846
1174891,2013,8.977272727272727
1174891,2015,9.196428571428573
1174891,2018,9.396551724137932
1174892,2011,7.4107142857142865
1174892,2013,8.482142857142858
1174892,2015,8.75
1174892,2018,9.62962962962963
1174893,2011,8.229166666666668
1174893,2013,8.173076923076923
1174893,2015,8.173076923076923
1174893,2018,9.270833333333334
1182761,2011,7.291666666666668
1182761,2013,8.421052631578947
1182761,2015,8.40909090909091
1182761,2018,9.166666666666668
1182762,2011,5.961538461538462
1182762,2013,6.8999999999999995
1182762,2015,7.916666666666666
1182762,2018,8.375
1182763,2011,5.887096774193548
1182763,2013,7.06896551724138
1182763,2015,7.658602150537634
1182763,2018,8.030303030303031
1224901,2011,5.625
1224901,2013,6.666666666666668
1224901,2015,6.875
1224901,2018,6.759259259259258
1224902,2011,4.7368421052631575
1224902,2013,6.354166666666666
1224902,2015,6.583333333333334
1224902,2018,7.155172413793103
1224903,2011,6.730769230769232
1224903,2013,7.7586206896551735
1224903,2015,8.088235294117647
1224903,2018,8.225806451612904
1240991,2011,5.19047619047619
1240991,2013,6.346153846153846
1240991,2015,6.8965517241379315
1240991,2018,7.159090909090908
1240992,2011,3.913043478260869
1240992,2013,3.8392857142857144
1240992,2015,5.331034482758621
1240992,2018,5.803571428571429
1240993,2011,4.270833333333333
1240993,2013,5.326086956521739
1240993,2015,6.42526455026455
1240993,2018,7.826086956521738
1340041,2011,10
1340041,2013,9.5
1340041,2015,9.642857142857142
1340041,2018,9.0625
1340042,2011,9.318181818181818
1340042,2013,10
1340042,2015,9.6875
1340042,2018,10
1340043,2011,10
1340043,2013,9.868421052631579
1340043,2015,9.86111111111111
1340043,2018,10
1349021,2011,4.404761904761905
1349021,2013,6.086956521739131
1349021,2015,6.538461538461538
1349021,2018,6.634615384615385
1349022,2011,5
1349022,2013,6.1607142857142865
1349022,2015,6.916666666666666
1349022,2018,6.851851851851851
1349023,2011,5.300000000000001
1349023,2013,6.923076923076923
1349023,2015,7.045454545454546
1349023,2018,7.132352941176471
1355591,2011,3.660714285714286
1355591,2013,4.396551724137931
1355591,2015,4.84375
1355591,2018,6.875
1355592,2011,5.25
1355592,2013,6.086956521739131
1355592,2015,6.160714285714285
1355592,2018,7.321428571428571
1355593,2011,5.431034482758621
1355593,2013,5.384615384615384
1355593,2015,6.024535809018568
1355593,2018,6.7592592592592595
1382021,2011,3.653846153846154
1382021,2013,6.048387096774194
1382021,2015,6.319444444444445
1382021,2018,6.171875
1382022,2011,2.962962962962963
1382022,2013,6.328125
1382022,2015,6.15625
1382022,2018,6.621621621621622
1382023,2011,4.21875
1382023,2013,6.76470588235294
1382023,2015,6.553571428571429
1382023,2018,6.5540540540540535
1411541,2011,3.333333333333333
1411541,2013,5.1
1411541,2015,4.799679487179487
1411541,2018,5.603448275862069
1411542,2011,6
1411542,2013,7.36842105263158
1411542,2015,7.307692307692308
1411542,2018,8.125
1411543,2011,3.5
1411543,2013,4.545454545454546
1411543,2015,6.736111111111111
1411543,2018,7.279411764705882
1424031,2011,5.394736842105264
1424031,2013,7.307692307692308
1424031,2015,6.660714285714285
1424031,2018,7.272727272727273
1424032,2011,4.374999999999999
1424032,2013,7.499999999999999
1424032,2015,7.916666666666666
1424032,2018,7.5
1424033,2011,4.318181818181818
1424033,2013,7.3076923076923075
1424033,2015,7.608695652173912
1424033,2018,7.6
1440161,2011,9.761904761904761
1440161,2013,9.875
1440161,2015,9.75
1440161,2018,9.86111111111111
1440162,2011,10
1440162,2013,9.523809523809524
1440162,2015,9.807692307692308
1440162,2018,10
1440163,2011,10
1440163,2013,9.722222222222221
1440163,2015,9.833333333333334
1440163,2018,9.642857142857144
1455281,2011,9.6875
1455281,2013,9.722222222222221
1455281,2015,9.791666666666666
1455281,2018,10
1455282,2011,8.61111111111111
1455282,2013,9.0625
1455282,2015,9.5
1455282,2018,9.285714285714286
1455283,2011,9.772727272727273
1455283,2013,9.318181818181818
1455283,2015,8.4375
1455283,2018,9.25
1504781,2011,7.916666666666668
1504781,2013,9.65909090909091
1504781,2015,8.522727272727273
1504781,2018,9.305555555555555
1504782,2011,7.8125
1504782,2013,8.28125
1504782,2015,8.59375
1504782,2018,9.047619047619047
1504783,2011,7.638888888888888
1504783,2013,8.28125
1504783,2015,8.229166666666666
1504783,2018,8.452380952380953
1511561,2011,8.333333333333332
1511561,2013,9.166666666666666
1511561,2015,9.722222222222221
1511561,2018,9.444444444444445
1511562,2011,7.5
1511562,2013,10
1511562,2015,9.166666666666666
1511562,2018,7.5
1511563,2011,9.25
1511563,2013,9.6875
1511563,2015,9.166666666666666
1511563,2018,9
1538591,2011,9.166666666666666
1538591,2013,9.464285714285714
1538591,2015,9.285714285714286
1538591,2018,9.285714285714285
1538592,2011,9.868421052631579
1538592,2013,8.676470588235293
1538592,2015,9.2
1538592,2018,9.583333333333334
1538593,2011,6.923076923076924
1538593,2013,8.181818181818182
1538593,2015,8.402777777777777
1538593,2018,8.88888888888889
1540441,2011,6.328125
1540441,2013,6.551724137931036
1540441,2015,8.098958333333334
1540441,2018,8.088235294117647
1540442,2011,6.086956521739131
1540442,2013,7.096774193548388
1540442,2015,7.755541871921183
1540442,2018,7.419354838709678
1540443,2011,8.645833333333334
1540443,2013,8.5
1540443,2015,9.166666666666666
1540443,2018,8.96551724137931
1540581,2011,9.25
1540581,2013,7.777777777777777
1540581,2015,9.444444444444445
1540581,2018,9.545454545454547
1540582,2015,9.583333333333334
1540582,2018,8.75
1540583,2011,9.473684210526317
1540583,2013,9.473684210526317
1540583,2015,9.285714285714286
1540583,2018,9.375
1546281,2011,7.7941176470588225
1546281,2013,6.826923076923077
1546281,2015,7.115384615384615
1546281,2018,8.369565217391305
1546282,2011,8.40909090909091
1546282,2013,6.71875
1546282,2015,7.044534412955466
1546282,2018,8.125
1546283,2011,7.291666666666668
1546283,2013,7.045454545454546
1546283,2015,7.8125
1546283,2018,8.59375
1546311,2011,6.953125
1546311,2013,6.796875
1546311,2015,7.03125
1546311,2018,7.857142857142857
1546312,2011,7.115384615384616
1546312,2013,6.923076923076923
1546312,2015,7.857142857142857
1546312,2018,8.482142857142858
1546313,2011,8.5
1546313,2013,8.5
1546313,2015,8.333333333333334
1546313,2018,9.166666666666668
1546761,2011,5.462962962962963
1546761,2013,5.833333333333332
1546761,2015,6.940883190883191
1546761,2018,7.608695652173914
1546762,2011,6
1546762,2013,6.125
1546762,2015,6.904761904761905
1546762,2018,8.095238095238095
1546763,2011,6.730769230769232
1546763,2013,6.9318181818181825
1546763,2015,7.943181818181818
1546763,2018,8.125
1556761,2011,6.1857707509881426
1556761,2013,6.527777777777778
1556761,2015,6.906565656565656
1556761,2018,7.651515151515151
1556762,2011,7.25
1556762,2013,7.678571428571429
1556762,2015,7.105263157894736
1556762,2018,7.647058823529412
1556763,2011,7.321428571428571
1556763,2013,8.75
1556763,2015,9.196428571428573
1556763,2018,8.478260869565217
1582311,2011,8.272727272727273
1582311,2013,7.142857142857143
1582311,2015,7.888888888888888
1582311,2018,8.40909090909091
1582312,2011,9.285714285714286
1582312,2013,7.857142857142857
1582312,2015,9.444444444444445
1582312,2018,8.333333333333332
1582313,2011,5.263157894736842
1582313,2013,6.375000000000001
1582313,2015,7.368421052631579
1582313,2018,8.055555555555555
1582781,2011,8.695652173913043
1582781,2013,8.214285714285714
1582781,2015,8.353260869565219
1582781,2018,8.289473684210527
1582782,2011,8.461538461538462
1582782,2013,7.666666666666666
1582782,2015,8.4375
1582782,2018,7.96875
1582783,2011,9.318181818181818
1582783,2013,9.090909090909092
1582783,2015,8.487179487179487
1582783,2018,8.928571428571429
1601041,2011,9.67741935483871
1601041,2013,9.62962962962963
1601041,2015,9.67741935483871
1601041,2018,9.516129032258064
1601042,2011,9.827586206896552
1601042,2013,9.642857142857142
1601042,2015,9.907407407407407
1601042,2018,9.84375
1601043,2011,9.75
1601043,2013,9.523809523809524
1601043,2015,9.833333333333334
1601043,2018,9.772727272727273
1611591,2011,6.770833333333334
1611591,2013,6.195652173913045
1611591,2015,6.949404761904762
1611591,2018,6.944444444444445
1611592,2011,6.6000000000000005
1611592,2013,6.739130434782609
1611592,2015,7.038690476190475
1611592,2018,7.672413793103448
1611593,2011,10
1611593,2013,9.642857142857142
1611593,2015,9.5
1611593,2018,10
1624311,2011,8.636363636363637
1624311,2013,9.166666666666666
1624311,2015,8.90625
1624311,2018,9.375
1624312,2011,6.666666666666666
1624312,2013,6.982758620689655
1624312,2015,6.015625
1624312,2018,5.78125
1624313,2011,10
1624313,2013,8.75
1624313,2015,8.59375
1624313,2018,9.53125
1660061,2011,3.5294117647058827
1660061,2013,4.270833333333334
1660061,2015,4.8
1660061,2018,4.791666666666667
1660062,2011,4.090909090909091
1660062,2013,5.217391304347826
1660062,2015,5.516304347826086
1660062,2018,5.648148148148149
1660063,2011,5
1660063,2013,5.303030303030303
1660063,2015,5.546875
1660063,2018,5.367647058823529
1682311,2011,6.8965517241379315
1682311,2013,7.5
1682311,2015,7.177419354838709
1682311,2018,7.758620689655173
1682312,2011,6.442307692307692
1682312,2013,7.115384615384616
1682312,2015,7.685185185185185
1682312,2018,7.980769230769232
1682313,2011,7.368421052631579
1682313,2013,9.411764705882353
1682313,2015,9.444444444444445
1682313,2018,9.125
1711591,2011,2.586206896551724
1711591,2013,3.225806451612903
1711591,2015,2.867647058823529
1711591,2018,3.712121212121212
1711592,2011,2.962962962962963
1711592,2013,3.3620689655172415
1711592,2015,3.738839285714286
1711592,2018,4.428571428571429
1711593,2011,2.5
1711593,2013,2.7380952380952377
1711593,2015,3.7994071146245063
1711593,2018,3.863636363636364
1746431,2011,3.9393939393939394
1746431,2013,4.84375
1746431,2015,4.758064516129032
1746431,2018,6.71875
1746432,2011,3.9655172413793105
1746432,2013,4.0740740740740735
1746432,2015,3.671875
1746432,2018,5.583333333333334
1746433,2011,8.26923076923077
1746433,2013,7
1746433,2015,7.802287581699346
1746433,2018,7.763157894736842
1755311,2011,7.894736842105264
1755311,2013,7.727272727272727
1755311,2015,7.837301587301589
1755311,2018,8.148148148148147
1755312,2011,5.4
1755312,2013,7.068965517241379
1755312,2015,7.729988052568697
1755312,2018,7.053571428571428
1755313,2011,7.211538461538462
1755313,2013,8.148148148148147
1755313,2015,7.916666666666666
1755313,2018,7.580645161290322
1774021,2011,5.961538461538462
1774021,2013,7.338709677419355
1774021,2015,7.7827169274537695
1774021,2018,7.5
1774022,2011,3.6206896551724146
1774022,2013,5
1774022,2015,5.514705882352942
1774022,2018,6.3235294117647065
1774023,2011,3.9000000000000004
1774023,2013,6.2
1774023,2015,6.571428571428571
1774023,2018,6.000000000000001
1840371,2011,9.285714285714286
1840371,2013,9.807692307692308
1840371,2015,9.666666666666666
1840371,2018,9.583333333333334
1840372,2011,9.166666666666666
1840372,2013,9.374999999999998
1840372,2015,9.52991452991453
1840372,2018,10
1840373,2011,9.625
1840373,2013,9.166666666666666
1840373,2015,9.523809523809524
1840373,2018,10
1940371,2011,6.517857142857142
1940371,2013,9.224137931034482
1940371,2015,9.166666666666666
1940371,2018,9.696969696969697
1940372,2011,9.210526315789473
1940372,2013,9.5
1940372,2015,9.807692307692308
1940372,2018,10
1940373,2011,8.289473684210527
1940373,2013,9.62962962962963
1940373,2015,9.571428571428571
1940373,2018,9.743589743589743
2001041,2011,8.653846153846153
2001041,2013,9.5
2001041,2015,10
2001041,2018,9.821428571428573
2001042,2011,8.846153846153847
2001042,2013,8.833333333333332
2001042,2015,10
2001042,2018,9.53125
2001043,2011,7.5
2001043,2013,9.1
2001043,2015,8.75
2001043,2018,8.695652173913045
2024541,2011,9.537037037037038
2024541,2013,9.35483870967742
2024541,2015,9.305555555555555
2024541,2018,9.705882352941176
2024542,2011,9.625
2024542,2013,9.347826086956522
2024542,2015,9.583333333333334
2024542,2018,9.456521739130434
2024543,2011,9.545454545454547
2024543,2013,9.204545454545453
2024543,2015,9.609375
2024543,2018,9.516129032258064
2040281,2011,9.404761904761905
2040281,2013,9.666666666666668
2040281,2015,9.682539682539684
2040281,2018,10
2040282,2011,9.558823529411764
2040282,2013,9.833333333333334
2040282,2015,10
2040282,2018,10
2040283,2011,8.75
2040283,2013,10
2040283,2015,7.5
2049061,2011,5
2049061,2013,6.7592592592592595
2049061,2015,7.024555903866249
2049061,2018,8.203125
2049062,2011,4.615384615384616
2049062,2013,7.421875
2049062,2015,7.160633484162897
2049062,2018,7.777777777777777
2049063,2011,7.1000000000000005
2049063,2013,8.461538461538462
2049063,2015,7.890625
2049063,2018,8.666666666666668
2053041,2011,10
2053041,2013,10
2053041,2015,9.772727272727273
2053041,2018,9.285714285714286
2053042,2011,8.5
2053042,2013,9.782608695652174
2053042,2015,9.891304347826086
2053042,2018,9.210526315789473
2053043,2011,8.75
2053043,2013,9.117647058823529
2053043,2015,9.456521739130434
2053043,2018,8.749999999999998
2074061,2011,7.352941176470588
2074061,2013,8.636363636363637
2074061,2015,8.706293706293707
2074061,2018,9.166666666666668
2074062,2011,7.499999999999999
2074062,2013,8.26923076923077
2074062,2015,8.807971014492754
2074062,2018,9.193548387096776
2074063,2011,10
2074063,2013,9.615384615384617
2074063,2015,9.852941176470589
2074063,2018,10
2074281,2011,7.6724137931034475
2074281,2013,8.75
2074281,2015,8.50980392156863
2074281,2018,9.044117647058824
2074282,2011,8.804347826086955
2074282,2013,9.166666666666666
2074282,2015,9.375
2074282,2018,9.285714285714286
2074283,2011,9.299999999999999
2074283,2013,8.541666666666666
2074283,2015,9.351851851851851
2074283,2018,9.351851851851851
2111541,2011,8.026315789473683
2111541,2013,7.777777777777778
2111541,2015,8.4375
2111541,2018,9.107142857142858
2111542,2011,5.0925925925925934
2111542,2013,5.803571428571428
2111542,2015,5.862068965517241
2111542,2018,6.304347826086957
2111543,2011,2.5992063492063493
2111543,2013,5.775862068965517
2111543,2015,5.666666666666666
2111543,2018,5.403225806451612
2111761,2011,5.333333333333333
2111761,2013,6.209677419354839
2111761,2015,6.891891891891893
2111761,2018,6.973684210526317
2111762,2011,4.565217391304348
2111762,2013,5.178571428571428
2111762,2015,5.810810810810811
2111762,2018,6.38157894736842
2111763,2011,6.25
2111763,2013,7.222222222222222
2111763,2015,7.7142857142857135
2111763,2018,7.867647058823529
2124281,2011,7.5
2124281,2013,8.823529411764707
2124281,2015,9.511278195488721
2124281,2018,9.852941176470589
2124282,2011,9.5
2124282,2013,9.431818181818182
2124282,2015,9.791666666666668
2124282,2018,9.772727272727273
2124283,2011,4.175579322638146
2124283,2013,8.26388888888889
2124283,2015,8.783783783783784
2124283,2018,8.5
2411161,2011,8.823529411764707
2411161,2013,9.047619047619047
2411161,2015,9.53125
2411161,2018,8.947368421052632
2411162,2011,8.461538461538462
2411162,2013,9.53125
2411162,2015,8.88888888888889
2411162,2018,9
2411163,2011,9
2411163,2013,9.5
2411163,2015,8.90625
2411163,2018,9.166666666666666
2427021,2011,6.724137931034483
2427021,2013,6.935483870967741
2427021,2015,6.935483870967742
2427021,2018,7.5
2427022,2011,6.982758620689655
2427022,2013,6.296296296296297
2427022,2015,7.01923076923077
2427022,2018,6.7592592592592595
2427023,2011,7.727272727272727
2427023,2013,7.395833333333334
2427023,2015,7.6
2427023,2018,7.7
2440561,2011,9.21875
2440561,2013,9.423076923076923
2440561,2015,8.529411764705884
2440561,2018,9.264705882352942
2440562,2011,9.027777777777779
2440562,2013,9.305555555555555
2440562,2015,8.75
2440562,2018,9.270833333333334
2440563,2011,9.318181818181818
2440563,2013,9.25
2440563,2015,8.913461538461538
2440563,2018,9.375
2446041,2011,8.25
2446041,2013,8.472222222222221
2446041,2015,8.529411764705882
2446041,2018,8.7
2446042,2011,8.083333333333334
2446042,2013,8.181818181818182
2446042,2015,8.455882352941176
2446042,2018,8.863636363636363
2446043,2011,5.862068965517241
2446043,2013,7.5
2446043,2015,7.822580645161291
2446043,2018,8.59375
2446761,2011,3.8
2446761,2013,7.314814814814814
2446761,2015,7.419354838709678
2446761,2018,8.166666666666666
2446762,2011,6.346153846153847
2446762,2013,6.166666666666667
2446762,2015,6.328125
2446762,2018,6.935483870967741
2446763,2011,6.212121212121212
2446763,2013,7.327586206896552
2446763,2015,7.24942396313364
2446763,2018,7.575757575757576
2616761,2011,4
2616761,2013,5.32258064516129
2616761,2015,5.6060606060606055
2616761,2018,8
2616762,2011,5.172101449275362
2616762,2013,6.4
2616762,2015,7.298741048741048
2616762,2018,8.359375
2616763,2011,3.541666666666666
2616763,2013,5.1923076923076925
2616763,2015,5.7870967741935475
2616763,2018,7.767857142857143
2627281,2011,5.277777777777778
2627281,2013,5.700000000000001
2627281,2015,5.862068965517241
2627281,2018,7.5925925925925934
2627282,2011,5.476190476190475
2627282,2013,5.925925925925926
2627282,2015,6.634615384615384
2627282,2018,7.5925925925925934
2627283,2011,6.041666666666668
2627283,2013,7.1
2627283,2015,7.75
2627283,2018,8.046875
2653591,2011,3.2499999999999996
2653591,2013,6.451612903225806
2653591,2015,6.471875000000001
2653591,2018,6.888888888888889
2653592,2011,6.625000000000001
2653592,2013,8.25
2653592,2015,8.75
2653592,2018,8.863636363636363
2653593,2011,2.083333333333333
2653593,2013,6.166666666666667
2653593,2015,6.071428571428571
2653593,2018,8.076923076923077
2655761,2011,7.5
2655761,2013,7.608695652173912
2655761,2015,8.333333333333332
2655761,2018,8.790322580645162
2655762,2011,8.295454545454547
2655762,2013,8.1
2655762,2015,8.879310344827587
2655762,2018,9.765625
2655763,2011,5.972222222222221
2655763,2013,6.25
2655763,2015,5.952380952380953
2655763,2018,7.1875
2660591,2011,4.166666666666667
2660591,2013,5.854743083003953
2660591,2015,6.829085457271365
2660591,2018,8.392857142857142
2660592,2011,4.479166666666667
2660592,2013,5.520833333333334
2660592,2015,5.778401122019634
2660592,2018,6
2660593,2011,3.6764705882352944
2660593,2013,5.972222222222223
2660593,2015,5.743421052631579
2660593,2018,7.25
2663061,2011,7.5
2663061,2013,9.038461538461538
2663061,2015,9.464285714285715
2663061,2018,9.53125
2663062,2011,4.456521739130435
2663062,2013,5.227272727272727
2663062,2015,6.153846153846154
2663062,2018,7.672413793103448
2663063,2011,5.147058823529411
2663063,2013,5.743243243243244
2663063,2015,6.625000000000001
2663063,2018,7.625
2686061,2011,6.290322580645161
2686061,2013,7.4074074074074066
2686061,2015,7.716823406478579
2686061,2018,8.333333333333334
2686062,2011,8.571428571428571
2686062,2013,9.166666666666666
2686062,2015,9.5
2686062,2018,10
2686063,2011,6.799999999999999
2686063,2013,7.604166666666666
2686063,2015,7.4074074074074066
2686063,2018,8.333333333333334
2704021,2011,4.259259259259259
2704021,2013,4.310344827586207
2704021,2015,5.344827586206897
2704021,2018,5.9375
2704022,2011,6.462264150943397
2704022,2013,6.212121212121212
2704022,2015,7.147887323943662
2704022,2018,7.424242424242424
2704023,2011,5.772792022792022
2704023,2013,6.517857142857143
2704023,2015,7.068965517241379
2704023,2018,7.211538461538463
2718061,2011,4.375
2718061,2013,5.480769230769232
2718061,2015,5.982142857142857
2718061,2018,6.724137931034483
2718062,2011,8.181818181818182
2718062,2013,8.68421052631579
2718062,2015,8.88888888888889
2718062,2018,9.125
2718063,2011,5
2718063,2013,5.564516129032258
2718063,2015,5.902777777777778
2718063,2018,6.617647058823529
2749511,2011,4.545454545454546
2749511,2013,6.571428571428571
2749511,2015,7.241379310344827
2749511,2018,8.125
2749512,2011,9.210526315789473
2749512,2013,9.285714285714286
2749512,2015,9.772727272727273
2749512,2018,9.75
2749513,2011,6.293103448275862
2749513,2013,5.916666666666666
2749513,2015,6.792792792792794
2749513,2018,7.258064516129032
2755591,2011,5.217391304347826
2755591,2013,8.125
2755591,2015,8.571428571428571
2755591,2018,9.230769230769232
2755592,2011,9.583333333333334
2755592,2013,9.342105263157896
2755592,2015,9.736842105263158
2755592,2018,9.583333333333334
2755593,2011,9.038461538461538
2755593,2013,9.411764705882353
2755593,2015,9.565217391304348
2755593,2018,9.166666666666668
2801541,2011,3.2407407407407405
2801541,2013,7.3076923076923075
2801541,2015,6.923076923076924
2801541,2018,7.291666666666668
2801542,2011,4.2857142857142865
2801542,2013,7.613636363636363
2801542,2015,7.833333333333333
2801542,2018,7.5892857142857135
2801543,2011,3.5833333333333335
2801543,2013,7.651515151515151
2801543,2015,7.575757575757576
2801543,2018,7.000000000000001
2811041,2011,9.722222222222221
2811041,2013,8.833333333333332
2811041,2015,9.722222222222221
2811041,2018,9.880952380952381
2811042,2011,8
2811042,2013,9.423076923076923
2811042,2015,10
2811042,2018,9.821428571428573
2811043,2011,10
2811043,2013,9.75
2811043,2015,9.880952380952381
2811043,2018,9.711538461538463
2811161,2011,3.522727272727273
2811161,2013,5.8999999999999995
2811161,2015,6.484375
2811161,2018,5.5
2811162,2011,9.456521739130434
2811162,2013,8.91304347826087
2811162,2015,9.655172413793103
2811162,2018,9.083333333333334
2811163,2011,9.807692307692308
2811163,2013,8.90625
2811163,2015,9.827586206896552
2811163,2018,9.919354838709678
2855021,2011,3.387096774193549
2855021,2013,5.241935483870968
2855021,2015,5.368072787427627
2855021,2018,5.4375
2855022,2011,3.75
2855022,2013,3.75
2855022,2015,4.6000000000000005
2855022,2018,4.642857142857142
2855023,2011,8.833333333333334
2855023,2013,8.823529411764707
2855023,2015,9.340277777777779
2855023,2018,9.166666666666668
2882511,2011,7.727272727272727
2882511,2013,7.65625
2882511,2015,7.592592592592592
2882511,2018,7.800000000000001
2882512,2011,5.241402116402116
2882512,2013,6.517857142857143
2882512,2015,7.352941176470588
2882512,2018,6.854838709677419
2882513,2011,3.214285714285714
2882513,2013,4.2857142857142865
2882513,2015,4.821428571428571
2882513,2018,4.758064516129032
2916761,2011,5.648148148148148
2916761,2013,5.800000000000001
2916761,2015,6.008597883597884
2916761,2018,6.590909090909091
2916762,2011,4.083333333333333
2916762,2013,4.921875
2916762,2015,5.189625108979947
2916762,2018,5.588235294117647
2916763,2011,6.730769230769232
2916763,2013,7.3076923076923075
2916763,2015,7.661290322580646
2916763,2018,7.678571428571428
2924581,2011,9.53125
2924581,2013,10
2924581,2015,9.772727272727273
2924581,2018,10
2924582,2011,8.81578947368421
2924582,2013,9.5
2924582,2015,9.910714285714286
2924582,2018,9.7
2924583,2011,8.75
2924583,2015,9.722222222222221
2924583,2018,10
2940281,2011,8.58695652173913
2940281,2013,8.4
2940281,2015,9.375
2940281,2018,9.596774193548388
2940282,2011,9.868421052631579
2940282,2013,9.25925925925926
2940282,2015,9.8
2940282,2018,9.67391304347826
2940283,2011,9.886363636363637
2940283,2013,9.772727272727273
2940283,2015,9.7
2940283,2018,9.6875
2940991,2011,5.096153846153847
2940991,2013,5.378787878787879
2940991,2015,7.491809991809992
2940991,2018,7.432432432432432
2940992,2011,7.6
2940992,2013,7.413793103448276
2940992,2015,7.4107142857142865
2940992,2018,7.941176470588235
2940993,2011,4.903846153846154
2940993,2013,5.096153846153847
2940993,2015,4.916666666666667
2940993,2018,5.431034482758621
2953311,2011,5.543478260869565
2953311,2013,6
2953311,2015,6.036585365853659
2953311,2018,6.578947368421052
2953312,2011,4.318181818181818
2953312,2013,4.625
2953312,2015,4.565217391304348
2953312,2018,4.9
2953313,2011,5.833333333333334
2953313,2013,8.269704433497537
2953313,2015,8.333333333333332
2953313,2018,8.4375
2960061,2011,8.5
2960061,2013,9.431818181818182
2960061,2015,9.090909090909092
2960061,2018,9.625
2960062,2011,6.379310344827585
2960062,2013,7.890625
2960062,2015,8.273168103448276
2960062,2018,8.5
2960063,2011,5
2960063,2013,6.3392857142857135
2960063,2015,7.081766917293233
2960063,2018,7.5
2960811,2011,6.212121212121212
2960811,2013,5.921052631578947
2960811,2015,6.8589743589743595
2960811,2018,6.944444444444445
2960812,2011,6.428571428571428
2960812,2013,5.916666666666667
2960812,2015,5.9375
2960812,2018,6.015625
2960813,2011,5.078125
2960813,2013,5.9375
2960813,2015,6.670875420875422
2960813,2018,6.851851851851852
2963311,2011,5.078125
2963311,2013,5.666666666666666
2963311,2015,5.410138248847927
2963311,2018,5.984848484848484
2963312,2011,6.388888888888888
2963312,2013,6.25
2963312,2015,6.381578947368421
2963312,2018,6.357142857142857
2963313,2011,7.428571428571429
2963313,2013,7.631578947368421
2963313,2015,7.333333333333334
2963313,2018,7.857142857142857
2974391,2011,9.423076923076923
2974391,2013,9.910714285714286
2974391,2015,9.907407407407407
2974391,2018,10
2974392,2011,4.166666666666667
2974392,2013,6.916666666666666
2974392,2015,6.794354838709678
2974392,2018,6.4655172413793105
2974393,2011,6.328125
2974393,2013,6.71875
2974393,2015,7.794117647058823
2974393,2018,7.272727272727273
2982451,2011,8.083333333333334
2982451,2013,9.137931034482758
2982451,2015,8.790322580645162
2982451,2018,8.306451612903226
2982452,2011,8.629032258064516
2982452,2013,8.709677419354838
2982452,2015,8.958333333333334
2982452,2018,8.928571428571427
2982453,2011,7.777777777777778
2982453,2013,9.351851851851851
2982453,2015,9.296875
2982453,2018,9.516129032258064
2986311,2011,7.608695652173912
2986311,2013,7.999999999999999
2986311,2015,8.055555555555555
2986311,2018,8.4
2986312,2011,6.3
2986312,2013,6.300000000000001
2986312,2015,7.499999999999999
2986312,2018,7.115384615384615
2986313,2011,7.5
2986313,2013,8.020833333333334
2986313,2015,7.758620689655173
2986313,2018,8.666666666666668
3201461,2011,7.12962962962963
3201461,2013,7.115384615384616
3201461,2015,7.265625
3201461,2018,7.419354838709678
3201462,2011,7.4074074074074066
3201462,2013,7.109375
3201462,2015,7.55952380952381
3201462,2018,7.708333333333334
3201463,2011,6.724137931034483
3201463,2013,5.7407407407407405
3201463,2015,7.338709677419355
3201463,2018,7.25
3211161,2011,9.53125
3211161,2013,8.421052631578947
3211161,2015,9.21875
3211161,2018,9.117647058823529
3211162,2011,8.571428571428571
3211162,2013,7.999999999999999
3211162,2015,9.791666666666666
3211162,2018,9.807692307692308
3211163,2011,9
3211163,2013,9.264705882352942
3211163,2015,9.807692307692308
3211163,2018,9.833333333333334
3211311,2011,8.75
3211311,2013,9.11764705882353
3211311,2015,9.166666666666666
3211311,2018,9.545454545454547
3211312,2011,7.685185185185183
3211312,2013,6.166666666666666
3211312,2015,7.1875
3211312,2018,7.03125
3211313,2011,7.589285714285715
3211313,2013,7.3275862068965525
3211313,2015,7.983870967741935
3211313,2018,9.074074074074074
3216591,2011,7.4
3216591,2013,7.800000000000001
3216591,2015,8.189655172413792
3216591,2018,8.125
3216592,2011,7.625
3216592,2013,8.958333333333334
3216592,2015,9.130434782608695
3216592,2018,9.523809523809524
3216593,2011,4.833333333333333
3216593,2013,5.25
3216593,2015,7.336021505376343
3216593,2018,8.425925925925926
3240451,2011,5
3240451,2013,8.148148148148147
3240451,2015,8.05026455026455
3240451,2018,9.193548387096776
3240452,2011,5.166666666666666
3240452,2013,6.083333333333333
3240452,2015,7.179487179487179
3240452,2018,8.461538461538462
3240453,2011,7.496438746438746
3240453,2013,7.96875
3240453,2015,7.934782608695652
3240453,2018,8.486842105263158
3240781,2011,10
3240781,2013,9.615384615384615
3240781,2015,9.090909090909092
3240781,2018,9.6875
3240782,2011,8.571428571428573
3240782,2013,9.285714285714286
3240782,2015,7.857142857142857
3240782,2018,10
3240783,2011,9.886363636363637
3240783,2013,9.625
3240783,2015,9.605263157894736
3240783,2018,9.705882352941176
3246811,2011,6.0344827586206895
3246811,2013,7.758620689655173
3246811,2015,8.225806451612904
3246811,2018,8.620689655172413
3246812,2011,5.625
3246812,2013,6.979166666666666
3246812,2015,8.518518518518519
3246812,2018,9.074074074074073
3246813,2011,9.722222222222221
3246813,2013,9.464285714285714
3246813,2015,9.583333333333332
3246813,2018,9.758064516129032
3253061,2011,4.711538461538462
3253061,2013,5.267857142857143
3253061,2015,6.166666666666667
3253061,2018,8.583333333333334
3253062,2011,7.115384615384616
3253062,2013,7.403846153846153
3253062,2015,8.076923076923077
3253062,2018,8.981481481481481
3253063,2011,5.172413793103448
3253063,2013,5.344827586206897
3253063,2015,6.042825361512792
3253063,2018,7.75
3255541,2011,4.642857142857142
3255541,2013,7.232142857142857
3255541,2015,7.5
3255541,2018,7.421875
3255542,2011,5.625
3255542,2013,6.982758620689655
3255542,2015,7.257543103448276
3255542,2018,7.5
3255543,2011,6.442307692307692
3255543,2013,7.083333333333332
3255543,2015,7.419354838709678
3255543,2018,7.972972972972973
3263461,2011,2.5961538461538463
3263461,2013,6.1607142857142865
3263461,2015,6.874999999999999
3263461,2018,7.166666666666666
3263462,2011,4.021739130434783
3263462,2013,5.625
3263462,2015,5.833333333333332
3263462,2018,6.8939393939393945
3263463,2011,2.5
3263463,2013,5
3263463,2015,4.491626794258373
3263463,2018,6.428571428571428
3263591,2011,4.6875
3263591,2013,5.431034482758621
3263591,2015,5.267857142857143
3263591,2018,6.09375
3263592,2011,7.613636363636363
3263592,2013,8.425925925925926
3263592,2015,8.91304347826087
3263592,2018,9.25
3263593,2011,5.25
3263593,2013,5.909090909090909
3263593,2015,7.115384615384616
3263593,2018,7.115384615384615
3301021,2011,7.625
3301021,2013,7.894736842105264
3301021,2015,8.958333333333334
3301021,2018,9.895833333333334
3301022,2011,6.304347826086957
3301022,2013,6.704545454545454
3301022,2015,6.874999999999999
3301022,2018,7.826086956521739
3301023,2011,7.261904761904762
3301023,2013,7.272727272727273
3301023,2015,7.272727272727273
3301023,2018,7.613636363636363
3301311,2011,4.642857142857143
3301311,2013,5.454545454545455
3301311,2015,5.833333333333332
3301311,2018,7.592592592592592
3301312,2011,4.705882352941177
3301312,2013,5.277777777777777
3301312,2015,5.5555555555555545
3301312,2018,6.176470588235294
3301313,2011,5.312499999999999
3301313,2013,5.700000000000001
3301313,2015,6.160714285714285
3301313,2018,6.826923076923077
3304041,2011,10
3304041,2013,9.0625
3304041,2015,9.473684210526317
3304041,2018,10
3304042,2011,9.583333333333334
3304042,2013,8.958333333333332
3304042,2015,9.333333333333334
3304042,2018,9.642857142857142
3304043,2011,8.275862068965518
3304043,2013,8.484848484848484
3304043,2015,9.444444444444445
3304043,2018,9.871794871794872
3340021,2011,7.3275862068965525
3340021,2013,7.115384615384616
3340021,2015,8.333333333333334
3340021,2018,8.970588235294116
3340022,2011,8.75
3340022,2013,9.166666666666666
3340022,2015,10
3340022,2018,10
3340023,2011,6.25
3340023,2013,5.326086956521739
3340023,2015,7.416666666666667
3340023,2018,7.4107142857142865
3346311,2011,6.517857142857142
3346311,2013,6.7
3346311,2015,8.093501326259947
3346311,2018,8.541666666666666
3346312,2011,6.427865612648222
3346312,2013,6.296296296296297
3346312,2015,7.142857142857143
3346312,2018,8.90625
3346313,2011,7.770833333333334
3346313,2013,8.375
3346313,2015,8.715277777777779
3346313,2018,9.545454545454547
3360591,2011,5.833333333333334
3360591,2013,7.338709677419355
3360591,2015,7.692307692307692
3360591,2018,8.88888888888889
3360592,2011,6.296296296296297
3360592,2013,7.758620689655173
3360592,2015,7.895833333333333
3360592,2018,8.24074074074074
3360593,2011,8.095238095238095
3360593,2013,7.738095238095238
3360593,2015,8.392857142857142
3360593,2018,9
3382311,2011,9.166666666666666
3382311,2013,9.431818181818182
3382311,2015,9.6
3382311,2018,9.9
3382312,2011,8.557692307692307
3382312,2013,8.5
3382312,2015,9.542334096109839
3382312,2018,9.6875
3382313,2011,3.977272727272727
3382313,2013,4.761904761904762
3382313,2015,5.150462962962963
3382313,2018,7.962962962962963
3452331,2011,1.7045454545454546
3452331,2013,6.323529411764706
3452331,2015,6.043417366946777
3452331,2018,6.904761904761905
3452332,2011,1.09375
3452332,2013,6.363636363636363
3452332,2015,6.212121212121212
3452332,2018,6.590909090909091
3452333,2011,7.333333333333334
3452333,2013,7.5
3452333,2015,7.5
3452333,2018,7.065217391304348
3477631,2011,4.375
3477631,2013,6.470588235294118
3477631,2015,7.083333333333332
3477631,2018,6.666666666666666
3477632,2011,0
3477632,2013,5.8
3477632,2015,6.737037037037037
3477632,2018,6.428571428571428
3477633,2011,6.458333333333334
3477633,2013,7.1875
3477633,2015,7.708333333333334
3477633,2018,8.166666666666666
