communityID,urban_score_comm,year
0101041,3.3333333333333335,2011
0101042,3.0208333333333335,2011
0101043,3,2011
0102061,2.857142857142857,2011
0102062,2.9166666666666665,2011
0102063,2.413793103448276,2011
0102331,3.4782608695652173,2011
0102332,2.777777777777778,2011
0102333,2.9166666666666665,2011
0104461,2.1666666666666665,2011
0104462,3.0952380952380953,2011
0104463,3.205128205128205,2011
0104511,2.0634920634920637,2011
0104512,1.866666666666667,2011
0104513,1.9696969696969695,2011
0140311,1.8333333333333333,2011
0140312,2.638888888888889,2011
0140313,4.166666666666667,2011
0140511,4.11764705882353,2011
0140512,3.357487922705314,2011
0140513,2.549019607843137,2011
0146431,1.944444444444444,2011
0146432,3.3333333333333335,2011
0146433,2.6666666666666665,2011
0182061,2.5,2011
0182062,2.5,2011
0182063,3.3333333333333335,2011
0304761,2.2619047619047623,2011
0304762,2.5,2011
0304763,1.9753086419753085,2011
0311061,2.5,2011
0311062,3.684210526315789,2011
0311063,3.6,2011
0340431,0.6666666666666665,2011
0340432,3,2011
0340433,1.0256410256410258,2011
0346761,1.841787439613526,2011
0346762,2.5333333333333328,2011
0346763,2.7380952380952386,2011
0467461,1.6666666666666667,2011
0467462,1.9540229885057474,2011
0467463,2.142857142857143,2011
0516061,1.1666666666666667,2011
0516062,1.2000000000000002,2011
0516063,2.298850574712644,2011
0540541,3.3333333333333335,2011
0540542,3.5416666666666665,2011
0540543,3.0208333333333335,2011
0542491,1.372549019607843,2011
0542492,1.5942028985507246,2011
0542493,3.8596491228070176,2011
0560431,2.0987654320987654,2011
0560432,1.4285714285714288,2011
0560433,1.25,2011
0560591,1.4285714285714288,2011
0560592,0.8695652173913043,2011
0560593,1.1111111111111114,2011
0563021,4.938271604938271,2011
0563022,2.4074074074074074,2011
0563023,1.8518518518518519,2011
0563461,1.7647058823529411,2011
0563462,1.746031746031746,2011
0563463,5.797101449275363,2011
0566041,1.351351351351351,2011
0566042,1.6666666666666667,2011
0566043,2.1296296296296293,2011
0574571,1.9230769230769227,2011
0574572,2.1794871794871793,2011
0574573,0.9259259259259259,2011
0576331,3.1944444444444446,2011
0576332,3.2432432432432434,2011
0576333,3.3333333333333335,2011
0582021,3.444444444444444,2011
0582022,2.5,2011
0582023,3.1999999999999997,2011
0586591,0.9523809523809522,2011
0586592,3.3333333333333335,2011
0586593,0.3703703703703705,2011
0604401,3.2098765432098766,2011
0604402,3.4722222222222228,2011
0604403,3.214285714285714,2011
0604811,2.702702702702702,2011
0604812,3.2352941176470593,2011
0604813,3.043478260869565,2011
0640281,5.686274509803923,2011
0640282,7.142857142857142,2011
0640283,6,2011
0640331,4.074074074074074,2011
0640332,6.984126984126984,2011
0640333,3.3333333333333335,2011
0646041,4.125,2011
0646042,4.545454545454545,2011
0646043,3.809523809523809,2011
0655461,1.866666666666667,2011
0655462,1.2121212121212122,2011
0655463,3,2011
0724281,3.4782608695652173,2011
0724282,3.8596491228070176,2011
0724283,3.5294117647058822,2011
0740021,1.5789473684210529,2011
0740022,2.280701754385965,2011
0740023,2.037037037037037,2011
0740041,5.151515151515151,2011
0740042,2.1052631578947367,2011
0740043,6.153846153846154,2011
0740571,5.666666666666667,2011
0740572,4.4444444444444455,2011
0740573,4.62962962962963,2011
0746311,2.5,2011
0746312,3.076923076923077,2011
0746313,2.9333333333333336,2011
0749811,3.03030303030303,2011
0749812,2.266666666666666,2011
0749813,2.9333333333333336,2011
0753761,2.716049382716049,2011
0753762,2.5641025641025643,2011
0753763,2.6666666666666665,2011
0755041,3.9682539682539684,2011
0755042,5.277777777777779,2011
0755043,3.7037037037037037,2011
0782331,1.0666666666666669,2011
0782332,1.6091954022988508,2011
0782333,2.777777777777778,2011
0896761,3.157894736842105,2011
0896762,2.692307692307692,2011
0896763,2.8333333333333335,2011
0940041,4.090909090909091,2011
0940042,4.696969696969696,2011
0940043,6,2011
1017911,3.1666666666666665,2011
1017912,3.1999999999999997,2011
1017913,2.6666666666666665,2011
1040041,5,2011
1040042,3.0952380952380953,2011
1040043,3.9215686274509807,2011
1051021,2.9729729729729732,2011
1051022,3.5833333333333335,2011
1051023,3.0555555555555554,2011
1053811,5.5555555555555545,2011
1053812,2.2619047619047623,2011
1053813,2.435897435897436,2011
1082061,3.3333333333333335,2011
1082062,3.3333333333333335,2011
1082063,3.218390804597701,2011
1082591,1.8627450980392155,2011
1082592,1.6666666666666667,2011
1082593,3.4375,2011
1101311,3.1944444444444446,2011
1101312,4.56140350877193,2011
1101313,4.583333333333333,2011
1111541,3.5294117647058822,2011
1111542,2.111111111111111,2011
1111543,3.7037037037037037,2011
1127441,3.8596491228070176,2011
1127442,1.5476190476190474,2011
1127443,2.7777777777777772,2011
1146041,2.9629629629629632,2011
1146042,3.157894736842105,2011
1146043,2.222222222222222,2011
1160061,1.833333333333333,2011
1160062,1.9444444444444446,2011
1160063,1.2698412698412698,2011
1174891,3.851282051282052,2011
1174892,1.7857142857142854,2011
1174893,1.9444444444444446,2011
1182761,0.8333333333333334,2011
1182762,1.4102564102564104,2011
1182763,1.8279569892473118,2011
1224901,1.805555555555556,2011
1224902,2.456140350877193,2011
1224903,1.5384615384615385,2011
1240991,2.1666666666666665,2011
1240992,2.463768115942029,2011
1240993,2.5,2011
1340041,5.5555555555555545,2011
1340042,3.6363636363636362,2011
1340043,3.5294117647058822,2011
1349021,2.698412698412698,2011
1349022,2.6666666666666665,2011
1349023,2.533333333333333,2011
1355591,2.380952380952381,2011
1355592,3,2011
1355593,2.0689655172413794,2011
1382021,0.641025641025641,2011
1382022,1.3580246913580247,2011
1382023,2.0833333333333335,2011
1411541,4.126984126984127,2011
1411542,2.8888888888888893,2011
1411543,1.8666666666666665,2011
1424031,2.8070175438596494,2011
1424032,2.777777777777778,2011
1424033,2.727272727272727,2011
1440161,3.3333333333333335,2011
1440162,3.6507936507936507,2011
1440163,4.782608695652175,2011
1455281,5.416666666666667,2011
1455282,5.5555555555555545,2011
1455283,4.848484848484849,2011
1504781,4.166666666666667,2011
1504782,4.375,2011
1504783,2.4074074074074074,2011
1511561,5.5555555555555545,2011
1511562,4.166666666666667,2011
1511563,7.666666666666667,2011
1538591,2.222222222222222,2011
1538592,4.912280701754386,2011
1538593,2.307692307692308,2011
1540441,3.3333333333333335,2011
1540442,2.898550724637681,2011
1540443,2.9166666666666665,2011
1540581,5.333333333333333,2011
1540583,4.912280701754386,2011
1546281,1.9607843137254903,2011
1546282,2.4242424242424243,2011
1546283,3.0555555555555554,2011
1546311,1.7708333333333333,2011
1546312,2.435897435897436,2011
1546313,3.3333333333333335,2011
1546761,1.8518518518518519,2011
1546762,2.1666666666666665,2011
1546763,2.5641025641025643,2011
1556761,2.8985507246376816,2011
1556762,1.8181818181818181,2011
1556763,2.619047619047619,2011
1582311,2.121212121212121,2011
1582312,4.285714285714286,2011
1582313,2.982456140350877,2011
1582781,3.3333333333333335,2011
1582782,5.384615384615384,2011
1582783,3.3333333333333335,2011
1601041,4.946236559139785,2011
1601042,4.560755336617405,2011
1601043,4.333333333333333,2011
1611591,1.9444444444444446,2011
1611592,2.266666666666666,2011
1611593,1.9047619047619044,2011
1624311,3.6363636363636362,2011
1624312,1.1111111111111114,2011
1624313,0,2011
1660061,1.1764705882352942,2011
1660062,1.0606060606060606,2011
1660063,1.2499999999999998,2011
1682311,1.7241379310344824,2011
1682312,1.794871794871795,2011
1682313,3.3333333333333335,2011
1711591,2.6436781609195403,2011
1711592,2.8395061728395063,2011
1711593,2.3611111111111107,2011
1746431,1.7171717171717171,2011
1746432,2.9885057471264367,2011
1746433,6.923076923076923,2011
1755311,3.684210526315789,2011
1755312,1.866666666666667,2011
1755313,2.0512820512820515,2011
1774021,2.564102564102564,2011
1774022,2.528735632183908,2011
1774023,2.533333333333333,2011
1840371,4.761904761904762,2011
1840372,2.222222222222222,2011
1840373,6.5,2011
1940371,4.166666666666667,2011
1940372,4.2105263157894735,2011
1940373,4.473684210526316,2011
2001041,6.666666666666667,2011
2001042,4.615384615384616,2011
2001043,3.1666666666666665,2011
2024541,3.2098765432098766,2011
2024542,4.666666666666667,2011
2024543,1.9696969696969695,2011
2040281,6.031746031746032,2011
2040282,5.882352941176471,2011
2040283,3.3333333333333335,2011
2049061,2.266666666666667,2011
2049062,1.153846153846154,2011
2049063,1.866666666666667,2011
2053041,7.777777777777779,2011
2053042,6,2011
2053043,2.7777777777777772,2011
2074061,3.627450980392157,2011
2074062,2.7777777777777772,2011
2074063,6,2011
2074281,2.6436781609195403,2011
2074282,3.1884057971014492,2011
2074283,3.466666666666667,2011
2111541,3.5087719298245617,2011
2111542,2.8395061728395063,2011
2111543,3.214285714285714,2011
2111761,3.222222222222222,2011
2111762,2.753623188405797,2011
2111763,2.619047619047619,2011
2124281,2.898550724637681,2011
2124282,5.333333333333333,2011
2124283,3.0392156862745097,2011
2411161,3.5294117647058822,2011
2411162,5.384615384615384,2011
2411163,4.666666666666667,2011
2427021,1.3793103448275863,2011
2427022,0.689655172413793,2011
2427023,2.5757575757575757,2011
2440561,3.75,2011
2440562,5.138888888888889,2011
2440563,4.696969696969697,2011
2446041,4.833333333333334,2011
2446042,4.4444444444444455,2011
2446043,2.873563218390805,2011
2446761,2.266666666666666,2011
2446762,1.5384615384615383,2011
2446763,0.9090909090909091,2011
2616761,1.7777777777777777,2011
2616762,2.638888888888889,2011
2616763,2.5,2011
2627281,0.9876543209876543,2011
2627282,2.222222222222222,2011
2627283,1.3888888888888886,2011
2653591,3.6666666666666665,2011
2653592,3.4999999999999996,2011
2653593,0.5555555555555555,2011
2655761,0.6349206349206349,2011
2655762,1.3636363636363635,2011
2655763,0.5555555555555555,2011
2660591,2.2222222222222228,2011
2660592,3.194444444444444,2011
2660593,1.7647058823529411,2011
2663061,3.809523809523809,2011
2663062,1.884057971014493,2011
2663063,1.8627450980392155,2011
2686061,1.1827956989247312,2011
2686062,4.761904761904762,2011
2686063,0.39999999999999997,2011
2704021,1.2345679012345678,2011
2704022,1.1949685534591197,2011
2704023,1.4814814814814816,2011
2718061,1.6666666666666667,2011
2718062,4.242424242424242,2011
2718063,2.5,2011
2749511,2.2222222222222228,2011
2749512,4.385964912280702,2011
2749513,2.1839080459770113,2011
2755591,2.898550724637681,2011
2755592,5.9259259259259265,2011
2755593,4.615384615384616,2011
2801541,2.1367521367521367,2011
2801542,3.4920634920634916,2011
2801543,2.2222222222222228,2011
2811041,4.444444444444444,2011
2811042,3.5555555555555554,2011
2811043,4.533333333333332,2011
2811161,2.727272727272727,2011
2811162,2.753623188405797,2011
2811163,4.102564102564103,2011
2855021,2.9032258064516125,2011
2855022,3.181818181818182,2011
2855023,4.666666666666667,2011
2882511,3.5151515151515156,2011
2882512,4.047619047619048,2011
2882513,2.023809523809524,2011
2916761,1.2345679012345678,2011
2916762,1.0000000000000002,2011
2916763,1.7948717948717947,2011
2924581,3.125,2011
2924582,2.982456140350877,2011
2924583,6.666666666666667,2011
2940281,5.507246376811594,2011
2940282,4.035087719298246,2011
2940283,3.939393939393939,2011
2940991,1.7948717948717947,2011
2940992,2.9333333333333336,2011
2940993,1.9230769230769234,2011
2953311,2.463768115942029,2011
2953312,2.4242424242424243,2011
2953313,3.7037037037037037,2011
2960061,6.444444444444444,2011
2960062,2.6436781609195403,2011
2960063,3.055555555555556,2011
2960811,1.01010101010101,2011
2960812,1.1111111111111114,2011
2960813,2.3958333333333335,2011
2963311,2.8125,2011
2963312,2.777777777777778,2011
2963313,1.8095238095238095,2011
2974391,4.230769230769231,2011
2974392,1.25,2011
2974393,1.5625,2011
2982451,3.111111111111111,2011
2982452,3.5483870967741935,2011
2982453,2.345679012345679,2011
2986311,1.5942028985507246,2011
2986312,0.9333333333333335,2011
2986313,2.9629629629629632,2011
3201461,2.716049382716049,2011
3201462,2.345679012345679,2011
3201463,2.1839080459770113,2011
3211161,2.7083333333333335,2011
3211162,4.285714285714286,2011
3211163,5.5555555555555545,2011
3211311,6.25,2011
3211312,3.82716049382716,2011
3211313,2.5,2011
3216591,2,2011
3216592,4.140350877192982,2011
3216593,2.777777777777778,2011
3240451,3.8536155202821867,2011
3240452,3.8888888888888893,2011
3240453,3.2098765432098766,2011
3240781,6.060606060606061,2011
3240782,5.238095238095238,2011
3240783,5,2011
3246811,3.3333333333333335,2011
3246812,3.194444444444444,2011
3246813,3.82716049382716,2011
3253061,2.948717948717949,2011
3253062,3.076923076923077,2011
3253063,3.3333333333333335,2011
3255541,2.380952380952381,2011
3255542,2.7380952380952377,2011
3255543,4.230769230769231,2011
3263461,3.076923076923077,2011
3263462,3.3333333333333335,2011
3263463,3.1481481481481484,2011
3263591,2.2222222222222228,2011
3263592,4.090909090909091,2011
3263593,2.3333333333333335,2011
3301021,4.833333333333333,2011
3301022,2.753623188405797,2011
3301023,1.4285714285714288,2011
3301311,1.746031746031746,2011
3301312,2.156862745098039,2011
3301313,1.6666666666666667,2011
3304041,3.8888888888888893,2011
3304042,3.6111111111111107,2011
3304043,3.4482758620689657,2011
3340021,2.1839080459770113,2011
3340022,6.111111111111112,2011
3340023,3.1481481481481484,2011
3346311,3.4523809523809526,2011
3346312,3.03030303030303,2011
3346313,3.3333333333333335,2011
3360591,2.0987654320987654,2011
3360592,2.716049382716049,2011
3360593,3.492063492063492,2011
3382311,5.238095238095238,2011
3382312,3.8461538461538454,2011
3382313,2.121212121212121,2011
3452331,2.272727272727273,2011
3452332,1.7708333333333333,2011
3452333,2.6666666666666665,2011
3477631,2.2916666666666665,2011
3477632,1.3636363636363635,2011
3477633,2.777777777777778,2011
0101041,3.4444444444444446,2013
0101042,5.6000000000000005,2013
0101043,3.2258064516129035,2013
0102061,3.5555555555555554,2013
0102062,3.3333333333333335,2013
0102063,3.125,2013
0102331,3.4722222222222228,2013
0102332,2.727272727272727,2013
0102333,2.8125,2013
0104461,3.3333333333333335,2013
0104462,2.8395061728395063,2013
0104463,3.2098765432098766,2013
0104511,3.5185185185185186,2013
0104512,3.214285714285714,2013
0104513,3.3333333333333335,2013
0140311,3.611111111111112,2013
0140312,2.948717948717949,2013
0140313,4.666666666666667,2013
0140511,3.4848484848484844,2013
0140512,4.938271604938271,2013
0140513,2.878787878787879,2013
0146431,2.9333333333333336,2013
0146432,3.86002886002886,2013
0146433,2.5925925925925926,2013
0182061,3.1481481481481484,2013
0182062,3.3333333333333335,2013
0182063,3.214285714285714,2013
0304761,2.6881720430107525,2013
0304762,3.9215686274509793,2013
0304763,3.214285714285714,2013
0311061,3.3333333333333335,2013
0311062,4.1534391534391535,2013
0311063,4.63768115942029,2013
0340431,1.7543859649122806,2013
0340432,4.385964912280702,2013
0340433,2.535273368606702,2013
0346761,2.3333333333333335,2013
0346762,4.109347442680776,2013
0346763,2.8395061728395063,2013
0467461,1.1458333333333333,2013
0467462,1.6666666666666667,2013
0467463,1.2222222222222223,2013
0516061,0.8695652173913043,2013
0516062,1.3095238095238095,2013
0516063,2.1794871794871793,2013
0540541,4.358974358974359,2013
0540542,4.3939393939393945,2013
0540543,3.809523809523809,2013
0542491,1.866666666666667,2013
0542492,3.3333333333333335,2013
0542493,4.871794871794872,2013
0560431,1.9230769230769227,2013
0560432,2.3655913978494625,2013
0560433,1.9540229885057474,2013
0560591,2.4242424242424243,2013
0560592,1.4666666666666668,2013
0560593,1.2280701754385965,2013
0563021,5,2013
0563022,2.533333333333333,2013
0563023,3.7179487179487176,2013
0563461,3,2013
0563462,2.6666666666666665,2013
0563463,5,2013
0566041,2.1052631578947367,2013
0566042,2.3611111111111107,2013
0566043,3.047619047619048,2013
0574571,2.7380952380952386,2013
0574572,2,2013
0574573,2.1296296296296293,2013
0576331,3.3333333333333335,2013
0576332,3.25,2013
0576333,2.2619047619047623,2013
0582021,5.972222222222221,2013
0582022,3.181818181818182,2013
0582023,2.9629629629629632,2013
0586591,1.6049382716049383,2013
0586592,3.9583333333333335,2013
0586593,1.4583333333333333,2013
0604401,3.725490196078431,2013
0604402,3.6231884057971016,2013
0604403,3.444444444444444,2013
0604811,4.0540540540540535,2013
0604812,3.8461538461538454,2013
0604813,3.466666666666667,2013
0640281,6.944444444444443,2013
0640282,8.23529411764706,2013
0640283,7.222222222222224,2013
0640331,3.928571428571429,2013
0640332,6.777777777777778,2013
0640333,3.8596491228070176,2013
0646041,4,2013
0646042,4.523809523809525,2013
0646043,3.75,2013
0655461,3.7037037037037037,2013
0655462,1.884057971014493,2013
0655463,4.516129032258065,2013
0724281,4.166666666666667,2013
0724282,3.1862745098039214,2013
0724283,3.7878787878787876,2013
0740021,2.9629629629629632,2013
0740022,3.0555555555555554,2013
0740023,2.2222222222222228,2013
0740041,6.444444444444444,2013
0740042,4.000000000000001,2013
0740043,8.461538461538462,2013
0740571,6.666666666666667,2013
0740572,5.833333333333333,2013
0740573,5.595238095238095,2013
0746311,2.777777777777778,2013
0746312,3.0769230769230766,2013
0746313,3.6111111111111107,2013
0749811,3.076923076923077,2013
0749812,3.0666666666666664,2013
0749813,2.7192982456140347,2013
0753761,5.3921568627450975,2013
0753762,4.479166666666667,2013
0753763,5.277777777777779,2013
0755041,4.5,2013
0755042,5.555555555555556,2013
0755043,5.833333333333333,2013
0782331,2.318840579710145,2013
0782332,2.222222222222222,2013
0782333,4.646464646464647,2013
0896761,2.380952380952381,2013
0896762,3.043478260869565,2013
0896763,4.152046783625731,2013
0940041,5.138339920948616,2013
0940042,5.625,2013
0940043,5.185185185185185,2013
1017911,3.3333333333333335,2013
1017912,4.814814814814815,2013
1017913,2.533333333333333,2013
1040041,5,2013
1040042,4.074074074074074,2013
1040043,4.615384615384616,2013
1051021,4.000000000000001,2013
1051022,3.8405797101449277,2013
1051023,4.833333333333334,2013
1053811,6.833333333333333,2013
1053812,2.7956989247311825,2013
1053813,3.3333333333333335,2013
1082061,3.5416666666666665,2013
1082062,3.4408602150537635,2013
1082063,3.1182795698924735,2013
1082591,3.7719298245614037,2013
1082592,3.405797101449276,2013
1082593,5.897435897435898,2013
1101311,3.466666666666667,2013
1101312,5.686274509803923,2013
1101313,4.301587301587301,2013
1111541,4.848484848484849,2013
1111542,2.6126126126126126,2013
1111543,3.9393939393939394,2013
1127441,5.277777777777779,2013
1127442,3.3333333333333335,2013
1127443,3.3333333333333335,2013
1146041,5,2013
1146042,5.9259259259259265,2013
1146043,3.950617283950617,2013
1160061,2.5,2013
1160062,2.222222222222222,2013
1160063,2.0634920634920637,2013
1174891,3.3333333333333335,2013
1174892,1.6666666666666667,2013
1174893,2.5076923076923077,2013
1182761,2.1052631578947367,2013
1182762,2.1333333333333333,2013
1182763,2.64367816091954,2013
1224901,2.6388888888888893,2013
1224902,2.650966183574879,2013
1224903,2.1839080459770113,2013
1240991,2.1794871794871793,2013
1240992,2.8571428571428577,2013
1240993,3.4782608695652173,2013
1340041,3.3333333333333335,2013
1340042,5.5555555555555545,2013
1340043,3.684210526315789,2013
1349021,3.043478260869565,2013
1349022,2.976190476190476,2013
1349023,2.564102564102564,2013
1355591,2.7586206896551726,2013
1355592,2.898550724637681,2013
1355593,3.076923076923077,2013
1382021,1.4193548387096777,2013
1382022,2.0833333333333335,2013
1382023,2.843137254901961,2013
1411541,3.8666666666666667,2013
1411542,3.684210526315789,2013
1411543,2.222222222222222,2013
1424031,2.82051282051282,2013
1424032,3.1372549019607843,2013
1424033,3.4615384615384612,2013
1440161,4,2013
1440162,4.603174603174604,2013
1440163,6.111111111111111,2013
1455281,5.555555555555556,2013
1455282,7.083333333333333,2013
1455283,6.363636363636364,2013
1504781,4.545454545454546,2013
1504782,3.9583333333333335,2013
1504783,3.125,2013
1511561,5.5555555555555545,2013
1511562,4.444444444444444,2013
1511563,6.25,2013
1538591,4.285714285714286,2013
1538592,3.9215686274509807,2013
1538593,3.03030303030303,2013
1540441,3.99318859088974,2013
1540442,3.5483870967741935,2013
1540443,5.567049808429118,2013
1540581,7.777777777777776,2013
1540583,4.912280701754386,2013
1546281,3.4615384615384617,2013
1546282,2.5,2013
1546283,3.0303030303030307,2013
1546311,2.415994623655914,2013
1546312,3.7179487179487176,2013
1546313,4.666666666666667,2013
1546761,3.1944444444444446,2013
1546762,2.5,2013
1546763,2.272727272727273,2013
1556761,3.1481481481481484,2013
1556762,2.142857142857143,2013
1556763,4.761904761904762,2013
1582311,4.285714285714286,2013
1582312,4.761904761904762,2013
1582313,3,2013
1582781,2.698412698412698,2013
1582782,3.555555555555556,2013
1582783,3.3333333333333335,2013
1601041,5.308641975308642,2013
1601042,6.825396825396825,2013
1601043,5.238095238095238,2013
1611591,2.608695652173913,2013
1611592,2.608695652173913,2013
1611593,2.857142857142857,2013
1624311,4.074074074074074,2013
1624312,1.4942528735632183,2013
1624313,6.333333333333333,2013
1660061,1.3888888888888886,2013
1660062,1.884057971014493,2013
1660063,3.4343434343434343,2013
1682311,2.2883597883597884,2013
1682312,2.692307692307692,2013
1682313,4.509803921568628,2013
1711591,3.870967741935484,2013
1711592,4.482758620689656,2013
1711593,3.015873015873016,2013
1746431,2.1875,2013
1746432,3.3333333333333335,2013
1746433,5.333333333333333,2013
1755311,5.6060606060606055,2013
1755312,2.2619047619047623,2013
1755313,4.938271604938271,2013
1774021,4.408602150537634,2013
1774022,3.5483870967741935,2013
1774023,3.3333333333333335,2013
1840371,5.384615384615384,2013
1840372,4.722222222222221,2013
1840373,6.296296296296297,2013
1940371,3.563218390804597,2013
1940372,6.593406593406594,2013
1940373,4.691358024691358,2013
2001041,6.444444444444444,2013
2001042,5.5555555555555545,2013
2001043,3.8666666666666667,2013
2024541,4.193548387096774,2013
2024542,4.492753623188405,2013
2024543,3.03030303030303,2013
2040281,6.666666666666667,2013
2040282,5.777777777777779,2013
2040283,3.3333333333333335,2013
2049061,2.4691358024691357,2013
2049062,1.6666666666666667,2013
2049063,3.4615384615384617,2013
2053041,7.777777777777779,2013
2053042,5.507246376811594,2013
2053043,2.9411764705882355,2013
2074061,3.535353535353535,2013
2074062,2.564102564102564,2013
2074063,6.41025641025641,2013
2074281,2.0512820512820515,2013
2074282,5.416666666666667,2013
2074283,3.611111111111112,2013
2111541,5.555555555555556,2013
2111542,3.0952380952380953,2013
2111543,3.218390804597701,2013
2111761,3.3333333333333335,2013
2111762,2.7380952380952377,2013
2111763,3.3333333333333335,2013
2124281,4.11764705882353,2013
2124282,7.424242424242425,2013
2124283,4.502645502645503,2013
2411161,5.396825396825396,2013
2411162,5.686274509803923,2013
2411163,6.5,2013
2427021,2.4731182795698925,2013
2427022,1.3580246913580247,2013
2427023,3.1944444444444446,2013
2440561,4.358974358974359,2013
2440562,6.481481481481482,2013
2440563,6,2013
2446041,5.277777777777778,2013
2446042,4.747474747474747,2013
2446043,2.8888888888888893,2013
2446761,2.0987654320987654,2013
2446762,2.5785440613026815,2013
2446763,2.8735632183908044,2013
2616761,1.9354838709677418,2013
2616762,4.266666666666667,2013
2616763,2.692307692307692,2013
2627281,2.266666666666666,2013
2627282,3.1149097815764484,2013
2627283,2.4000000000000004,2013
2653591,3.4408602150537635,2013
2653592,5.166666666666667,2013
2653593,2.8888888888888893,2013
2655761,2.028985507246377,2013
2655762,2.9333333333333336,2013
2655763,0.5555555555555555,2013
2660591,3.4782608695652173,2013
2660592,3.055555555555556,2013
2660593,2.592592592592593,2013
2663061,5.641025641025642,2013
2663062,3.3333333333333335,2013
2663063,3.1531531531531534,2013
2686061,2.469135802469136,2013
2686062,4.4444444444444455,2013
2686063,1.5277777777777775,2013
2704021,1.8390804597701151,2013
2704022,2.878787878787879,2013
2704023,2.6190476190476186,2013
2718061,2.1794871794871793,2013
2718062,5.438596491228069,2013
2718063,3.1182795698924735,2013
2749511,2.285714285714286,2013
2749512,4.761904761904762,2013
2749513,2.222222222222222,2013
2755591,3.214285714285714,2013
2755592,5.614035087719299,2013
2755593,5.882352941176471,2013
2801541,3.076923076923077,2013
2801542,4.329004329004329,2013
2801543,3.535353535353535,2013
2811041,5.333333333333333,2013
2811042,4.761904761904763,2013
2811043,6.333333333333333,2013
2811161,2.533333333333333,2013
2811162,2.753623188405797,2013
2811163,4.583333333333333,2013
2855021,3.2258064516129035,2013
2855022,3,2013
2855023,4.11764705882353,2013
2882511,4.166666666666667,2013
2882512,4.109347442680776,2013
2882513,2.380952380952381,2013
2916761,1.7333333333333334,2013
2916762,1.7708333333333333,2013
2916763,2.307692307692308,2013
2924581,3.801169590643275,2013
2924582,3.3333333333333335,2013
2940281,6,2013
2940282,5.9259259259259265,2013
2940283,5,2013
2940991,3.939393939393939,2013
2940992,3.6781609195402303,2013
2940993,2.0512820512820515,2013
2953311,3.444444444444444,2013
2953312,2.8333333333333335,2013
2953313,4.252873563218391,2013
2960061,5.757575757575758,2013
2960062,3.6458333333333335,2013
2960063,3.4523809523809526,2013
2960811,2.6315789473684212,2013
2960812,2.2222222222222228,2013
2960813,3.0555555555555554,2013
2963311,3.3333333333333335,2013
2963312,2.9411764705882355,2013
2963313,3.728728728728729,2013
2974391,4.285714285714286,2013
2974392,3,2013
2974393,2.1875,2013
2982451,2.6190476190476186,2013
2982452,4.623655913978495,2013
2982453,4.320987654320987,2013
2986311,2.4,2013
2986312,2,2013
2986313,4.692028985507246,2013
3201461,2.948717948717949,2013
3201462,3.0208333333333335,2013
3201463,2.8395061728395063,2013
3211161,4.327485380116959,2013
3211162,6.444444444444444,2013
3211163,5.686274509803923,2013
3211311,5.882352941176471,2013
3211312,4.777777777777778,2013
3211313,4.022988505747127,2013
3216591,3.3333333333333335,2013
3216592,5.283816425120773,2013
3216593,3.222222222222222,2013
3240451,5.185185185185185,2013
3240452,4.666666666666667,2013
3240453,4.791666666666667,2013
3240781,7.17948717948718,2013
3240782,6.190476190476191,2013
3240783,5.833333333333333,2013
3246811,3.908045977011495,2013
3246812,5.972222222222221,2013
3246813,5.09700176366843,2013
3253061,2.7380952380952377,2013
3253062,4.358974358974359,2013
3253063,3.563218390804597,2013
3255541,4.285714285714286,2013
3255542,3.1034482758620694,2013
3255543,5.888888888888888,2013
3263461,3.214285714285715,2013
3263462,3.75,2013
3263463,3.5185185185185186,2013
3263591,2.8735632183908044,2013
3263592,4.691358024691358,2013
3263593,2.727272727272727,2013
3301021,4.912280701754386,2013
3301022,2.121212121212121,2013
3301023,1.8181818181818181,2013
3301311,3.3621933621933615,2013
3301312,2.2222222222222228,2013
3301313,2.4,2013
3304041,6.666666666666667,2013
3304042,5.555555555555556,2013
3304043,5.454545454545454,2013
3340021,3.076923076923077,2013
3340022,7.037037037037037,2013
3340023,3.6231884057971016,2013
3346311,3.466666666666667,2013
3346312,2.9629629629629632,2013
3346313,4.333333333333333,2013
3360591,3.0107526881720434,2013
3360592,2.7586206896551726,2013
3360593,3.9682539682539684,2013
3382311,5.6060606060606055,2013
3382312,5.555555555555556,2013
3382313,2.380952380952381,2013
3452331,3.3333333333333335,2013
3452332,2.6262626262626263,2013
3452333,4.561403508771929,2013
3477631,3.1372549019607843,2013
3477632,1.944444444444444,2013
3477633,4.166666666666667,2013
0101041,3.3333333333333335,2015
0101042,5.614035087719298,2015
0101043,3.2323232323232323,2015
0102061,3.4408602150537635,2015
0102062,3.111111111111111,2015
0102063,2.9523809523809526,2015
0102331,3.1481481481481484,2015
0102332,3.043478260869565,2015
0102333,2.9523809523809526,2015
0104461,3.580246913580247,2015
0104462,3.3333333333333335,2015
0104463,2.8888888888888893,2015
0104511,2.8888888888888893,2015
0104512,3.6781609195402303,2015
0104513,3.768115942028986,2015
0140311,4.166666666666667,2015
0140312,4.222222222222222,2015
0140313,6.956521739130435,2015
0140511,5.2,2015
0140512,6.129032258064517,2015
0140513,3.8888888888888893,2015
0146431,3.6559139784946235,2015
0146432,5.277777777777779,2015
0146433,2.9333333333333336,2015
0182061,3.5,2015
0182062,3.5897435897435894,2015
0182063,3.2380952380952377,2015
0304761,4.545454545454546,2015
0304762,5.666666666666667,2015
0304763,2.843137254901961,2015
0311061,4.731182795698925,2015
0311062,5.268817204301075,2015
0311063,5.444444444444444,2015
0340431,4.133333333333334,2015
0340432,5.396825396825396,2015
0340433,3.888888888888888,2015
0346761,3.015873015873016,2015
0346762,5.625,2015
0346763,3.076923076923077,2015
0467461,1.6666666666666667,2015
0467462,2.5,2015
0467463,1.8181818181818181,2015
0516061,2.5757575757575757,2015
0516062,3.2258064516129026,2015
0516063,2.873563218390805,2015
0540541,4.532930107526881,2015
0540542,6.242424242424242,2015
0540543,5.333333333333333,2015
0542491,3.3333333333333335,2015
0542492,4.646464646464647,2015
0542493,5.357142857142858,2015
0560431,2.948717948717949,2015
0560432,3.45679012345679,2015
0560433,3.1034482758620694,2015
0560591,3.6231884057971016,2015
0560592,3.466666666666667,2015
0560593,2.698412698412698,2015
0563021,6.666666666666667,2015
0563022,5.595238095238095,2015
0563023,4.3869731800766285,2015
0563461,4.615384615384616,2015
0563462,4.4,2015
0563463,6.8181818181818175,2015
0566041,3.0833333333333335,2015
0566042,2.3333333333333335,2015
0566043,3.047619047619048,2015
0574571,3.0153256704980844,2015
0574572,3.0555555555555554,2015
0574573,2.1367521367521367,2015
0576331,3.3333333333333335,2015
0576332,3.3333333333333335,2015
0576333,3.0107526881720426,2015
0582021,5.802469135802469,2015
0582022,3.950617283950617,2015
0582023,3.9583333333333335,2015
0586591,3.0952380952380953,2015
0586592,6.186868686868686,2015
0586593,3.142857142857143,2015
0604401,4.017094017094018,2015
0604402,3.211111111111111,2015
0604403,4.047619047619048,2015
0604811,4.9523809523809526,2015
0604812,4.634146341463414,2015
0604813,4.137931034482759,2015
0640281,7.111111111111111,2015
0640282,7.666666666666667,2015
0640283,7.407407407407407,2015
0640331,4.301075268817204,2015
0640332,6.350806451612904,2015
0640333,3.7520325203252027,2015
0646041,4.605820105820105,2015
0646042,6.388888888888889,2015
0646043,4.571428571428572,2015
0655461,3.75,2015
0655462,3.1034482758620694,2015
0655463,4.812324929971989,2015
0724281,5.909090909090909,2015
0724282,4.814814814814815,2015
0724283,4.166666666666667,2015
0740021,4.126984126984127,2015
0740022,3.5185185185185186,2015
0740023,2.549019607843137,2015
0740041,7.017543859649123,2015
0740042,6.349206349206349,2015
0740043,8.461538461538462,2015
0740571,7.5555555555555545,2015
0740572,5.972222222222221,2015
0740573,6.666666666666667,2015
0746311,2.9333333333333336,2015
0746312,3.8333333333333335,2015
0746313,3.3333333333333335,2015
0749811,3.456790123456791,2015
0749812,3.2544802867383513,2015
0749813,4.126984126984127,2015
0753761,5.701754385964912,2015
0753762,4.215686274509804,2015
0753763,6.666666666666667,2015
0755041,4.259259259259259,2015
0755042,6.666666666666667,2015
0755043,7.777777777777779,2015
0782331,2.307692307692308,2015
0782332,3.4408602150537635,2015
0782333,5.9338624338624335,2015
0896761,2.898550724637681,2015
0896762,3.4408602150537635,2015
0896763,3.8333333333333335,2015
0940041,5,2015
0940042,4.444444444444444,2015
0940043,5.757575757575758,2015
1017911,3.8461538461538454,2015
1017912,5.061728395061729,2015
1017913,3.3333333333333335,2015
1040041,5.5555555555555545,2015
1040042,6.287878787878788,2015
1040043,4.666666666666667,2015
1051021,5.042735042735043,2015
1051022,5.238095238095238,2015
1051023,5.625,2015
1053811,6.166666666666667,2015
1053812,3.2323232323232323,2015
1053813,4.623655913978495,2015
1082061,3.7373737373737375,2015
1082062,3.841354723707665,2015
1082063,3.7037037037037037,2015
1082591,3.6507936507936503,2015
1082592,4.583333333333333,2015
1082593,4.9523809523809526,2015
1101311,3.9808429118773945,2015
1101312,5.714285714285714,2015
1101313,5.633333333333333,2015
1111541,6.507936507936507,2015
1111542,4.285714285714286,2015
1111543,5.819444444444444,2015
1127441,5.583333333333333,2015
1127442,3.6036036036036037,2015
1127443,5.698924731182796,2015
1146041,6.31578947368421,2015
1146042,6.785714285714285,2015
1146043,5.813620071684588,2015
1160061,3,2015
1160062,3.181818181818182,2015
1160063,2.7586206896551726,2015
1174891,5.1190476190476195,2015
1174892,2.4444444444444446,2015
1174893,3.8461538461538454,2015
1182761,3.4848484848484844,2015
1182762,3.4722222222222228,2015
1182763,3.5483870967741935,2015
1224901,3.4523809523809526,2015
1224902,3,2015
1224903,4.11764705882353,2015
1240991,3.4729064039408866,2015
1240992,3.4482758620689657,2015
1240993,4.0476190476190474,2015
1340041,6.666666666666667,2015
1340042,6.363636363636363,2015
1340043,5,2015
1349021,3.4615384615384612,2015
1349022,3.444444444444444,2015
1349023,3.3333333333333335,2015
1355591,2.8125,2015
1355592,3.4523809523809526,2015
1355593,3.218390804597701,2015
1382021,2.777777777777778,2015
1382022,2.3333333333333335,2015
1382023,4.322649572649573,2015
1411541,3.9743589743589745,2015
1411542,4.871794871794872,2015
1411543,3.7962962962962963,2015
1424031,4.126984126984127,2015
1424032,3.8888888888888893,2015
1424033,3.820816864295125,2015
1440161,6,2015
1440162,3.58974358974359,2015
1440163,6.888888888888888,2015
1455281,7.222222222222224,2015
1455282,6,2015
1455283,7.083333333333333,2015
1504781,4.848484848484849,2015
1504782,4.740338164251208,2015
1504783,4.3055555555555545,2015
1511561,7.407407407407407,2015
1511562,4.4444444444444455,2015
1511563,5,2015
1538591,5.242504409171076,2015
1538592,3.6,2015
1538593,4.4444444444444455,2015
1540441,4.270833333333333,2015
1540442,4.712643678160919,2015
1540443,4.691358024691358,2015
1540581,5.9259259259259265,2015
1540582,4.444444444444444,2015
1540583,6.282051282051282,2015
1546281,4.615384615384616,2015
1546282,3.8596491228070176,2015
1546283,4.583333333333333,2015
1546311,3.6458333333333335,2015
1546312,4.761904761904762,2015
1546313,6.296296296296297,2015
1546761,4.0265906932573605,2015
1546762,4.603174603174604,2015
1546763,4.191919191919191,2015
1556761,4.343434343434343,2015
1556762,3.1578947368421058,2015
1556763,4.466490299823633,2015
1582311,4.0476190476190474,2015
1582312,4.4444444444444455,2015
1582313,5.087719298245614,2015
1582781,3.768115942028985,2015
1582782,4.375,2015
1582783,4.888888888888889,2015
1601041,5.698924731182796,2015
1601042,6.172839506172839,2015
1601043,4.666666666666667,2015
1611591,3.214285714285714,2015
1611592,2.7380952380952377,2015
1611593,6.037037037037037,2015
1624311,6.458333333333333,2015
1624312,1.875,2015
1624313,5.041666666666667,2015
1660061,2.9333333333333336,2015
1660062,1.7857142857142858,2015
1660063,3.1481481481481484,2015
1682311,3.1182795698924735,2015
1682312,3.3333333333333335,2015
1682313,3.725490196078431,2015
1711591,4.705882352941177,2015
1711592,4.895833333333333,2015
1711593,3.649538866930172,2015
1746431,2.7083333333333335,2015
1746432,4.0625,2015
1746433,6.470588235294117,2015
1755311,5.238095238095238,2015
1755312,3.7634408602150535,2015
1755313,5.766283524904215,2015
1774021,5.6756756756756745,2015
1774022,5.098039215686274,2015
1774023,4.190476190476191,2015
1840371,4.666666666666667,2015
1840372,4.871794871794871,2015
1840373,6.507936507936509,2015
1940371,5.111111111111112,2015
1940372,7.692307692307691,2015
1940373,5.523809523809523,2015
2001041,6.507936507936509,2015
2001042,6.666666666666667,2015
2001043,3.9743589743589745,2015
2024541,5.462962962962963,2015
2024542,5.277777777777779,2015
2024543,4.270833333333333,2015
2040281,6.111111111111112,2015
2040282,7.17948717948718,2015
2040283,3.3333333333333335,2015
2049061,3.737373737373737,2015
2049062,3.9316239316239305,2015
2049063,4.475806451612903,2015
2053041,7.575757575757577,2015
2053042,5.942028985507246,2015
2053043,5.362318840579711,2015
2074061,5.042735042735043,2015
2074062,4.000000000000001,2015
2074063,7.843137254901961,2015
2074281,3.9215686274509793,2015
2074282,5.714285714285715,2015
2074283,4.765432098765432,2015
2111541,7.916666666666667,2015
2111542,3.448275862068965,2015
2111543,3.7777777777777772,2015
2111761,4.0540540540540535,2015
2111762,3.2432432432432434,2015
2111763,4.095238095238096,2015
2124281,5.238095238095238,2015
2124282,7.083333333333333,2015
2124283,4.774774774774775,2015
2411161,5.902777777777778,2015
2411162,5.185185185185185,2015
2411163,7.5,2015
2427021,3.3333333333333335,2015
2427022,1.7948717948717947,2015
2427023,4.133333333333334,2015
2440561,5.294117647058823,2015
2440562,7.166666666666667,2015
2440563,6.282051282051282,2015
2446041,5.980392156862745,2015
2446042,5.353535353535353,2015
2446043,3.0107526881720426,2015
2446761,5.268817204301075,2015
2446762,3.9583333333333335,2015
2446763,3.3333333333333335,2015
2616761,3.535353535353535,2015
2616762,4.53953953953954,2015
2616763,4.086021505376344,2015
2627281,3.4482758620689657,2015
2627282,3.7179487179487176,2015
2627283,4.111111111111112,2015
2653591,4.533333333333334,2015
2653592,4.722222222222221,2015
2653593,3.928571428571429,2015
2655761,3.111111111111111,2015
2655762,4.3678160919540225,2015
2655763,2.0634920634920637,2015
2660591,4.597701149425288,2015
2660592,4.673835125448029,2015
2660593,3.3333333333333335,2015
2663061,5.9523809523809526,2015
2663062,3.58974358974359,2015
2663063,3,2015
2686061,2.436868686868687,2015
2686062,8,2015
2686063,3.218390804597701,2015
2704021,2.1839080459770113,2015
2704022,3.896713615023474,2015
2704023,3.448275862068965,2015
2718061,3.0952380952380953,2015
2718062,6.481481481481482,2015
2718063,3.240740740740741,2015
2749511,3.4482758620689657,2015
2749512,6.969696969696969,2015
2749513,3.9639639639639643,2015
2755591,4.404761904761904,2015
2755592,6.31578947368421,2015
2755593,6.231884057971015,2015
2801541,3.5128205128205128,2015
2801542,4.333333333333333,2015
2801543,5.5555555555555545,2015
2811041,4.074074074074074,2015
2811042,4.578754578754579,2015
2811043,5.714285714285714,2015
2811161,3.2291666666666665,2015
2811162,4.597701149425288,2015
2811163,5.402298850574712,2015
2855021,3.2478632478632474,2015
2855022,4.133333333333334,2015
2855023,5.833333333333333,2015
2882511,5.9259259259259265,2015
2882512,4.803921568627452,2015
2882513,3.0107526881720426,2015
2916761,2.619047619047619,2015
2916762,3.0630630630630633,2015
2916763,3.978494623655914,2015
2924581,4.696969696969697,2015
2924582,3.928571428571429,2015
2924583,8.148148148148149,2015
2940281,6.547619047619048,2015
2940282,5.866666666666667,2015
2940283,6.266666666666666,2015
2940991,3.8738738738738743,2015
2940992,4.411764705882354,2015
2940993,2.4444444444444446,2015
2953311,5.121951219512195,2015
2953312,3.2015810276679844,2015
2953313,5.308641975308642,2015
2960061,6.8398268398268405,2015
2960062,4.583333333333333,2015
2960063,4.824561403508771,2015
2960811,3.5042735042735043,2015
2960812,3.75,2015
2960813,3.5757575757575757,2015
2963311,3.809523809523809,2015
2963312,4.385964912280701,2015
2963313,4.074074074074074,2015
2974391,4.102564102564103,2015
2974392,3.75,2015
2974393,3.1372549019607843,2015
2982451,2.9032258064516125,2015
2982452,5.7407407407407405,2015
2982453,3.8541666666666665,2015
2986311,2.222222222222222,2015
2986312,3.3333333333333335,2015
2986313,5.402298850574712,2015
3201461,3.3333333333333335,2015
3201462,4.761904761904762,2015
3201463,4.795698924731183,2015
3211161,5.638888888888889,2015
3211162,7.222222222222224,2015
3211163,5.897435897435898,2015
3211311,6.222222222222222,2015
3211312,6.391129032258064,2015
3211313,4.301075268817204,2015
3216591,3.793103448275861,2015
3216592,4.927536231884058,2015
3216593,4.623655913978495,2015
3240451,5.596638655462184,2015
3240452,4.358974358974359,2015
3240453,5.342555994729907,2015
3240781,5.454545454545454,2015
3240782,8.571428571428571,2015
3240783,6.842105263157894,2015
3246811,4.731182795698925,2015
3246812,5.517568850902184,2015
3246813,5.2988505747126435,2015
3253061,4.111111111111112,2015
3253062,4.358974358974359,2015
3253063,3.978494623655914,2015
3255541,4.761904761904762,2015
3255542,5.625,2015
3255543,6.846846846846847,2015
3263461,4.166666666666667,2015
3263462,4.814814814814815,2015
3263463,3.7878787878787876,2015
3263591,2.9761904761904763,2015
3263592,6.3768115942028984,2015
3263593,3.205128205128205,2015
3301021,6.19047619047619,2015
3301022,3.75,2015
3301023,3.0303030303030307,2015
3301311,3.456790123456791,2015
3301312,3.5185185185185186,2015
3301313,3.3333333333333335,2015
3304041,6.666666666666667,2015
3304042,5.5555555555555545,2015
3304043,5.407407407407407,2015
3340021,4.646464646464647,2015
3340022,7.619047619047618,2015
3340023,3.8888888888888893,2015
3346311,4.022988505747127,2015
3346312,3.2380952380952377,2015
3346313,4.861111111111112,2015
3360591,4.176484176484176,2015
3360592,4.111111111111112,2015
3360593,6.428571428571428,2015
3382311,7.466666666666668,2015
3382312,6.231884057971015,2015
3382313,3.580246913580247,2015
3452331,3.1746031746031744,2015
3452332,2.8282828282828283,2015
3452333,6.521739130434782,2015
3477631,2.777777777777778,2015
3477632,2.716049382716049,2015
3477633,5.833333333333333,2015
0101041,5.5555555555555545,2018
0101042,6.666666666666667,2018
0101043,3.4408602150537635,2018
0102061,4.888888888888889,2018
0102062,4.555555555555556,2018
0102063,4.705882352941177,2018
0102331,3.3333333333333335,2018
0102332,4.242424242424242,2018
0102333,4.242424242424242,2018
0104461,4.722222222222221,2018
0104462,3.9215686274509807,2018
0104463,3.733333333333333,2018
0104511,5.454545454545454,2018
0104512,3.928571428571429,2018
0104513,2.272727272727273,2018
0140311,5.454545454545454,2018
0140312,5.862068965517241,2018
0140313,6.913580246913582,2018
0140511,5.802469135802469,2018
0140512,6.190476190476191,2018
0140513,5.151515151515151,2018
0146431,4.222222222222222,2018
0146432,4.3999999999999995,2018
0146433,4.266666666666667,2018
0182061,4.035087719298246,2018
0182062,4.358974358974359,2018
0182063,4.414414414414415,2018
0304761,4.731182795698925,2018
0304762,6.666666666666667,2018
0304763,4.408602150537635,2018
0311061,6.140350877192982,2018
0311062,5.757575757575757,2018
0311063,6.041666666666667,2018
0340431,4.545454545454545,2018
0340432,6.666666666666667,2018
0340433,6.436781609195402,2018
0346761,4.7368421052631575,2018
0346762,7.111111111111111,2018
0346763,3.908045977011494,2018
0467461,4.222222222222222,2018
0467462,4.6078431372549025,2018
0467463,6.111111111111111,2018
0516061,2.727272727272727,2018
0516062,5.769230769230769,2018
0516063,3.6111111111111107,2018
0540541,7.604166666666667,2018
0540542,7.435897435897435,2018
0540543,6.140350877192982,2018
0542491,6.206896551724139,2018
0542492,5.111111111111111,2018
0542493,7.2,2018
0560431,4.691358024691358,2018
0560432,4.222222222222222,2018
0560433,4.743589743589744,2018
0560591,5.362318840579711,2018
0560592,4.583333333333333,2018
0560593,7.166666666666667,2018
0563021,7.719298245614035,2018
0563022,5.74712643678161,2018
0563023,4.482758620689656,2018
0563461,6.666666666666667,2018
0563462,6.538461538461537,2018
0563463,7.160493827160494,2018
0566041,5.765765765765765,2018
0566042,5.977011494252873,2018
0566043,4.3809523809523805,2018
0574571,5.476190476190475,2018
0574572,3.9743589743589745,2018
0574573,5.098039215686274,2018
0576331,4.0625,2018
0576332,3.252032520325203,2018
0576333,3.7037037037037037,2018
0582021,7.564102564102565,2018
0582022,5.769230769230769,2018
0582023,5.595238095238095,2018
0586591,4.487179487179488,2018
0586592,5.666666666666667,2018
0586593,5.520833333333333,2018
0604401,5.405405405405404,2018
0604402,5.9259259259259265,2018
0604403,5.185185185185184,2018
0604811,5.5555555555555545,2018
0604812,6.416666666666667,2018
0604813,6.543209876543209,2018
0640281,7.619047619047618,2018
0640282,8.421052631578947,2018
0640283,8.055555555555557,2018
0640331,5.161290322580645,2018
0640332,6.565656565656565,2018
0640333,4.957264957264957,2018
0646041,6.770833333333333,2018
0646042,6.666666666666667,2018
0646043,7.017543859649123,2018
0655461,6.451612903225807,2018
0655462,5.287356321839081,2018
0655463,6.363636363636364,2018
0724281,6.333333333333333,2018
0724282,5.5555555555555545,2018
0724283,6.08695652173913,2018
0740021,4.285714285714286,2018
0740022,4.444444444444444,2018
0740023,3.9215686274509807,2018
0740041,7.777777777777779,2018
0740042,5.909090909090909,2018
0740043,8.055555555555555,2018
0740571,6.666666666666667,2018
0740572,5.8730158730158735,2018
0740573,8.333333333333334,2018
0746311,4.444444444444444,2018
0746312,4.375,2018
0746313,4.603174603174604,2018
0749811,4.487179487179488,2018
0749812,5.268817204301075,2018
0749813,6.136363636363636,2018
0753761,6.846846846846847,2018
0753762,6.666666666666667,2018
0753763,7.142857142857142,2018
0755041,4.166666666666667,2018
0755042,6.666666666666667,2018
0755043,7.17948717948718,2018
0782331,4.545454545454546,2018
0782332,4.712643678160919,2018
0782333,5.855855855855856,2018
0896761,3.3333333333333335,2018
0896762,3.3333333333333335,2018
0896763,5.396825396825396,2018
0940041,7.333333333333333,2018
0940042,5.333333333333333,2018
0940043,7.435897435897435,2018
1017911,4.313725490196078,2018
1017912,6.470588235294117,2018
1017913,6.89655172413793,2018
1040041,6.9230769230769225,2018
1040042,6.904761904761904,2018
1040043,7.254901960784313,2018
1051021,6.486486486486487,2018
1051022,5.65891472868217,2018
1051023,7.916666666666667,2018
1053811,8.064516129032258,2018
1053812,5,2018
1053813,5.686274509803922,2018
1082061,5.757575757575758,2018
1082062,5.802469135802469,2018
1082063,5.416666666666667,2018
1082591,5.128205128205128,2018
1082592,6.304347826086956,2018
1082593,7.12962962962963,2018
1101311,5.066666666666666,2018
1101312,6.349206349206349,2018
1101313,7.246376811594203,2018
1111541,6.470588235294117,2018
1111542,4.954954954954954,2018
1111543,8.205128205128206,2018
1127441,7.407407407407407,2018
1127442,5.3125,2018
1127443,6.451612903225807,2018
1146041,5.416666666666667,2018
1146042,8.070175438596491,2018
1146043,6.153846153846154,2018
1160061,5.098039215686274,2018
1160062,3.3333333333333335,2018
1160063,5.238095238095238,2018
1174891,5.747126436781609,2018
1174892,3.580246913580247,2018
1174893,6.25,2018
1182761,5.714285714285715,2018
1182762,5,2018
1182763,4.949494949494949,2018
1224901,4.691358024691358,2018
1224902,4.942528735632184,2018
1224903,5.161290322580645,2018
1240991,5.303030303030303,2018
1240992,4.166666666666667,2018
1240993,5.217391304347826,2018
1340041,8.333333333333334,2018
1340042,5.555555555555556,2018
1340043,7.435897435897435,2018
1349021,5.769230769230769,2018
1349022,7.160493827160494,2018
1349023,6.176470588235294,2018
1355591,5.416666666666667,2018
1355592,6.071428571428572,2018
1355593,5.061728395061729,2018
1382021,4.791666666666667,2018
1382022,6.0360360360360366,2018
1382023,5.9459459459459465,2018
1411541,5.402298850574712,2018
1411542,5.333333333333333,2018
1411543,5.588235294117648,2018
1424031,4.242424242424242,2018
1424032,4.62962962962963,2018
1424033,5.066666666666666,2018
1440161,7.037037037037037,2018
1440162,6.666666666666667,2018
1440163,5.476190476190475,2018
1455281,8.75,2018
1455282,6.666666666666667,2018
1455283,8.333333333333334,2018
1504781,5.9259259259259265,2018
1504782,5.238095238095238,2018
1504783,5.714285714285714,2018
1511561,7.407407407407407,2018
1511562,3.3333333333333335,2018
1511563,7.333333333333333,2018
1538591,6.904761904761905,2018
1538592,5.138888888888888,2018
1538593,5.555555555555556,2018
1540441,6.2745098039215685,2018
1540442,4.838709677419355,2018
1540443,6.781609195402299,2018
1540581,6.969696969696969,2018
1540582,6.666666666666667,2018
1540583,8.055555555555557,2018
1546281,4.927536231884058,2018
1546282,6.041666666666667,2018
1546283,6.666666666666667,2018
1546311,5.238095238095238,2018
1546312,6.666666666666667,2018
1546313,7.222222222222221,2018
1546761,5.072463768115942,2018
1546762,6.507936507936509,2018
1546763,4.375,2018
1556761,5.050505050505051,2018
1556762,5.686274509803922,2018
1556763,6.3768115942028984,2018
1582311,4.848484848484849,2018
1582312,6.666666666666667,2018
1582313,5.37037037037037,2018
1582781,5.7894736842105265,2018
1582782,5.833333333333333,2018
1582783,5.714285714285715,2018
1601041,7.634408602150536,2018
1601042,5.625,2018
1601043,6.06060606060606,2018
1611591,4.567901234567901,2018
1611592,4.597701149425288,2018
1611593,6.190476190476191,2018
1624311,7.5,2018
1624312,3.3333333333333335,2018
1624313,6.875,2018
1660061,3.888888888888888,2018
1660062,4.691358024691358,2018
1660063,5.490196078431372,2018
1682311,4.482758620689656,2018
1682312,6.794871794871795,2018
1682313,6,2018
1711591,4.949494949494949,2018
1711592,6.476190476190475,2018
1711593,4.393939393939394,2018
1746431,3.6458333333333335,2018
1746432,4.222222222222222,2018
1746433,8.070175438596491,2018
1755311,7.777777777777779,2018
1755312,5.238095238095238,2018
1755313,7.419354838709677,2018
1774021,7.142857142857142,2018
1774022,6.176470588235294,2018
1774023,7.222222222222221,2018
1840371,6.388888888888888,2018
1840372,7.916666666666667,2018
1840373,6.969696969696969,2018
1940371,6.4646464646464645,2018
1940372,7.777777777777779,2018
1940373,6.837606837606837,2018
2001041,6.428571428571428,2018
2001042,7.916666666666667,2018
2001043,6.521739130434781,2018
2024541,6.862745098039215,2018
2024542,6.521739130434782,2018
2024543,5.376344086021505,2018
2040281,7.948717948717949,2018
2040282,7.111111111111111,2018
2049061,6.354166666666667,2018
2049062,5.5555555555555545,2018
2049063,5.666666666666667,2018
2053041,8.095238095238095,2018
2053042,6.842105263157895,2018
2053043,6.481481481481482,2018
2074061,5.128205128205129,2018
2074062,5.053763440860215,2018
2074063,8.958333333333334,2018
2074281,5,2018
2074282,6.666666666666667,2018
2074283,6.666666666666667,2018
2111541,8.333333333333334,2018
2111542,3.6231884057971016,2018
2111543,4.301075268817204,2018
2111761,6.228070175438597,2018
2111762,4.7368421052631575,2018
2111763,5.3921568627450975,2018
2124281,5.882352941176471,2018
2124282,8.030303030303031,2018
2124283,6.111111111111111,2018
2411161,5.438596491228071,2018
2411162,5,2018
2411163,8.148148148148149,2018
2427021,4.666666666666667,2018
2427022,3.45679012345679,2018
2427023,5.5555555555555545,2018
2440561,6.07843137254902,2018
2440562,7.36111111111111,2018
2440563,7.857142857142858,2018
2446041,8.133333333333333,2018
2446042,6.565656565656565,2018
2446043,5.520833333333333,2018
2446761,6.555555555555556,2018
2446762,5.591397849462365,2018
2446763,4.444444444444444,2018
2616761,4.888888888888889,2018
2616762,5.416666666666667,2018
2616763,4.761904761904762,2018
2627281,4.074074074074074,2018
2627282,3.580246913580247,2018
2627283,5.520833333333333,2018
2653591,5.62962962962963,2018
2653592,6.060606060606061,2018
2653593,5.256410256410256,2018
2655761,5.913978494623656,2018
2655762,7.291666666666667,2018
2655763,4.861111111111112,2018
2660591,5,2018
2660592,5.333333333333333,2018
2660593,4.333333333333333,2018
2663061,7.916666666666667,2018
2663062,3.908045977011495,2018
2663063,4.416666666666667,2018
2686061,4.888888888888889,2018
2686062,8.75,2018
2686063,5.444444444444444,2018
2704021,4.166666666666667,2018
2704022,6.06060606060606,2018
2704023,4.743589743589744,2018
2718061,4.3678160919540225,2018
2718062,7.166666666666667,2018
2718063,4.901960784313726,2018
2749511,4.166666666666667,2018
2749512,7.333333333333333,2018
2749513,4.838709677419355,2018
2755591,5.897435897435898,2018
2755592,8.148148148148149,2018
2755593,6.666666666666667,2018
2801541,5.833333333333333,2018
2801542,6.666666666666667,2018
2801543,5.888888888888888,2018
2811041,5.8730158730158735,2018
2811042,6.190476190476191,2018
2811043,6.794871794871795,2018
2811161,3.7777777777777772,2018
2811162,5.555555555555556,2018
2811163,6.021505376344085,2018
2855021,4.583333333333333,2018
2855022,4.603174603174604,2018
2855023,6.666666666666667,2018
2882511,5.733333333333333,2018
2882512,5.591397849462365,2018
2882513,3.9784946236559136,2018
2916761,3.6363636363636362,2018
2916762,4.411764705882354,2018
2916763,3.809523809523809,2018
2924581,5.964912280701754,2018
2924582,5.466666666666666,2018
2924583,7.916666666666667,2018
2940281,7.204301075268816,2018
2940282,6.3768115942028984,2018
2940283,7.222222222222221,2018
2940991,5.405405405405406,2018
2940992,5.882352941176471,2018
2940993,5.402298850574712,2018
2953311,4.912280701754386,2018
2953312,3.733333333333333,2018
2953313,6.8055555555555545,2018
2960061,7.333333333333333,2018
2960062,4.9523809523809526,2018
2960063,5.050505050505051,2018
2960811,5.277777777777778,2018
2960812,5.104166666666667,2018
2960813,4.753086419753086,2018
2963311,4.646464646464647,2018
2963312,5.80952380952381,2018
2963313,5.079365079365079,2018
2974391,5.769230769230769,2018
2974392,5.517241379310345,2018
2974393,4.646464646464647,2018
2982451,4.731182795698925,2018
2982452,6.3809523809523805,2018
2982453,5.698924731182795,2018
2986311,5.2,2018
2986312,4.358974358974359,2018
2986313,6.888888888888888,2018
3201461,4.623655913978495,2018
3201462,5.7407407407407405,2018
3201463,5.5555555555555545,2018
3211161,7.64705882352941,2018
3211162,6.923076923076923,2018
3211163,7.777777777777776,2018
3211311,6.969696969696969,2018
3211312,6.5625,2018
3211313,5.802469135802469,2018
3216591,5.357142857142858,2018
3216592,7.936507936507937,2018
3216593,6.666666666666667,2018
3240451,6.774193548387096,2018
3240452,5.7264957264957275,2018
3240453,7.280701754385965,2018
3240781,6.666666666666667,2018
3240782,7.777777777777776,2018
3240783,8.03921568627451,2018
3246811,6.091954022988506,2018
3246812,6.296296296296297,2018
3246813,6.559139784946237,2018
3253061,5.444444444444444,2018
3253062,7.160493827160494,2018
3253063,4.888888888888889,2018
3255541,6.145833333333333,2018
3255542,7.604166666666667,2018
3255543,7.927927927927928,2018
3263461,7.111111111111111,2018
3263462,5.959595959595959,2018
3263463,4.126984126984127,2018
3263591,3.9583333333333335,2018
3263592,8,2018
3263593,5.769230769230769,2018
3301021,7.777777777777779,2018
3301022,4.492753623188405,2018
3301023,3.03030303030303,2018
3301311,4.938271604938271,2018
3301312,5.098039215686274,2018
3301313,5.384615384615384,2018
3304041,7.592592592592593,2018
3304042,7.142857142857142,2018
3304043,7.606837606837606,2018
3340021,5.882352941176471,2018
3340022,7.083333333333333,2018
3340023,5.714285714285715,2018
3346311,5.138888888888889,2018
3346312,6.041666666666667,2018
3346313,7.7272727272727275,2018
3360591,6.018518518518518,2018
3360592,6.049382716049383,2018
3360593,7.333333333333333,2018
3382311,8.133333333333333,2018
3382312,6.666666666666667,2018
3382313,5.185185185185184,2018
3452331,3.6507936507936507,2018
3452332,3.4343434343434343,2018
3452333,4.782608695652174,2018
3477631,4.444444444444444,2018
3477632,4.523809523809525,2018
3477633,7.5555555555555545,2018
